order_id,customer_id,product_id,order_date,quantity
1,110,38,2026-03-24,5
2,57,9,2026-04-28,3
3,24,49,2026-05-26,4
4,40,41,2026-01-28,1
5,153,5,2026-02-25,4
6,153,30,2026-04-24,4
7,142,1,2026-05-31,3
8,175,35,2026-07-09,1
9,29,19,2026-03-25,3
10,117,1,2026-05-07,2
11,196,12,2026-03-24,5
12,161,20,2026-05-25,1
13,156,13,2026-06-28,5
14,196,11,2026-02-24,3
15,1,39,2026-06-03,5
16,5,8,2026-04-08,4
17,62,4,2026-04-18,3
18,21,6,2026-03-18,5
19,195,35,2026-05-20,1
20,169,31,2026-02-17,2
21,68,34,2026-06-05,2
22,55,35,2026-06-20,4
23,183,20,2026-07-11,2
24,113,34,2026-04-28,3
25,64,15,2026-05-11,1
26,6,38,2026-02-01,3
27,151,15,2026-06-06,2
28,182,41,2026-01-17,1
29,18,3,2026-01-31,2
30,132,16,2026-04-10,1
31,55,35,2026-03-28,4
32,148,31,2026-02-18,5
33,105,13,2026-03-19,4
34,169,28,2026-02-09,1
35,106,30,2026-04-16,4
36,16,26,2026-01-29,1
37,64,13,2026-04-12,1
38,115,9,2026-03-05,5
39,72,30,2026-05-04,2
40,114,36,2026-03-20,1
41,167,35,2026-02-10,1
42,193,16,2026-01-19,1
43,125,31,2026-02-27,4
44,16,11,2026-03-11,4
45,100,17,2026-04-23,1
46,109,45,2026-05-12,3
47,40,13,2026-06-07,4
48,15,38,2026-04-01,2
49,192,21,2026-06-03,1
50,150,31,2026-01-30,1
51,41,4,2026-05-24,5
52,48,5,2026-05-26,1
53,173,16,2026-06-17,1
54,146,16,2026-04-29,1
55,11,40,2026-06-13,5
56,169,38,2026-02-05,4
57,81,17,2026-06-09,5
58,62,17,2026-03-09,3
59,172,42,2026-04-27,2
60,81,49,2026-04-02,4
61,118,40,2026-02-03,1
62,19,35,2026-06-09,1
63,68,9,2026-03-11,5
64,63,24,2026-04-15,1
65,113,35,2026-03-29,2
66,157,42,2026-07-15,3
67,171,36,2026-05-31,1
68,35,17,2026-04-02,1
69,191,36,2026-02-14,1
70,73,39,2026-02-24,3
71,53,44,2026-03-10,3
72,130,32,2026-06-27,3
73,24,41,2026-03-21,1
74,12,1,2026-05-04,3
75,164,17,2026-04-11,2
76,142,46,2026-02-26,4
77,3,8,2026-05-05,5
78,140,3,2026-02-04,2
79,142,10,2026-04-20,5
80,11,20,2026-05-06,2
81,92,14,2026-04-19,1
82,171,7,2026-07-09,2
83,105,40,2026-04-16,5
84,42,12,2026-02-24,2
85,46,48,2026-05-01,1
86,172,48,2026-04-11,4
87,41,45,2026-03-20,3
88,10,31,2026-02-12,4
89,118,23,2026-03-13,2
90,58,2,2026-04-04,2
91,103,22,2026-07-03,2
92,198,18,2026-03-28,1
93,103,44,2026-04-15,5
94,8,8,2026-06-02,3
95,149,17,2026-03-23,2
96,153,28,2026-01-25,1
97,112,39,2026-04-14,3
98,99,37,2026-05-26,1
99,12,46,2026-03-05,3
100,134,35,2026-05-07,1
101,94,28,2026-07-10,2
102,160,21,2026-02-02,3
103,185,20,2026-07-04,1
104,171,27,2026-05-25,3
105,179,19,2026-04-09,4
106,50,27,2026-06-06,2
107,174,48,2026-07-05,4
108,146,20,2026-03-01,5
109,1,20,2026-04-29,5
110,111,38,2026-03-30,2
111,120,29,2026-06-20,3
112,131,31,2026-05-09,2
113,73,33,2026-02-28,1
114,86,6,2026-07-04,5
115,58,13,2026-03-17,3
116,12,16,2026-02-22,1
117,197,5,2026-05-17,5
118,162,37,2026-05-12,4
119,127,26,2026-03-06,4
120,168,45,2026-03-19,2
121,200,28,2026-01-17,1
122,179,34,2026-03-13,2
123,143,16,2026-05-14,1
124,35,30,2026-02-16,4
125,144,39,2026-07-05,5
126,157,47,2026-04-07,4
127,141,29,2026-05-25,4
128,116,17,2026-02-25,4
129,197,50,2026-03-20,3
130,161,16,2026-05-29,4
131,20,46,2026-03-27,4
132,70,22,2026-03-30,2
133,21,9,2026-04-07,5
134,99,45,2026-02-23,2
135,17,27,2026-02-24,2
136,139,30,2026-04-30,3
137,53,27,2026-05-02,1
138,179,2,2026-04-25,5
139,123,1,2026-06-12,4
140,193,25,2026-04-16,3
141,192,48,2026-05-03,5
142,57,32,2026-06-04,5
143,112,32,2026-03-13,3
144,87,43,2026-01-23,4
145,186,11,2026-07-08,4
146,160,35,2026-05-15,2
147,152,37,2026-01-22,4
148,22,42,2026-07-04,1
149,119,12,2026-05-05,2
150,98,21,2026-01-28,3
151,84,22,2026-03-11,4
152,193,27,2026-04-23,3
153,121,2,2026-03-21,1
154,90,15,2026-06-03,1
155,200,42,2026-07-01,1
156,64,13,2026-01-26,1
157,40,16,2026-01-21,5
158,172,8,2026-02-17,4
159,120,45,2026-06-09,2
160,43,39,2026-03-22,3
161,200,11,2026-06-20,1
162,149,2,2026-04-05,1
163,174,25,2026-04-05,5
164,20,38,2026-04-27,2
165,27,45,2026-07-11,2
166,31,37,2026-04-03,5
167,137,28,2026-01-26,3
168,18,33,2026-07-04,3
169,4,27,2026-06-30,3
170,111,24,2026-05-21,1
171,182,10,2026-06-27,4
172,188,34,2026-05-07,2
173,158,35,2026-07-01,3
174,112,47,2026-05-19,4
175,83,16,2026-06-16,3
176,116,16,2026-02-07,3
177,157,43,2026-05-14,5
178,8,32,2026-04-23,3
179,125,14,2026-04-09,2
180,88,18,2026-04-16,3
181,143,1,2026-06-17,3
182,22,16,2026-05-28,2
183,143,49,2026-04-30,4
184,166,46,2026-03-18,4
185,5,6,2026-05-21,4
186,104,45,2026-04-01,2
187,170,38,2026-03-19,3
188,142,34,2026-04-20,4
189,191,36,2026-04-14,4
190,180,30,2026-04-10,3
191,65,15,2026-03-26,3
192,81,8,2026-02-15,2
193,50,14,2026-06-02,2
194,186,38,2026-05-19,3
195,73,7,2026-05-30,5
196,59,24,2026-03-06,3
197,4,46,2026-03-02,3
198,71,3,2026-06-01,2
199,75,45,2026-01-29,5
200,27,1,2026-02-17,4
201,121,31,2026-06-11,3
202,48,4,2026-05-08,3
203,30,5,2026-03-21,4
204,19,37,2026-04-28,4
205,39,10,2026-06-26,1
206,22,16,2026-06-09,3
207,196,27,2026-02-15,5
208,159,15,2026-06-20,5
209,116,29,2026-05-29,4
210,110,20,2026-04-02,5
211,16,40,2026-06-10,5
212,161,14,2026-02-10,2
213,41,16,2026-03-24,1
214,20,11,2026-03-01,5
215,116,45,2026-01-16,4
216,75,3,2026-06-17,4
217,181,19,2026-03-16,3
218,19,44,2026-07-14,4
219,161,38,2026-03-16,3
220,109,8,2026-07-04,2
221,166,10,2026-06-04,2
222,19,4,2026-03-25,2
223,153,48,2026-02-27,3
224,113,8,2026-06-10,3
225,180,26,2026-05-15,3
226,139,32,2026-03-26,5
227,154,3,2026-05-08,1
228,155,17,2026-05-06,3
229,59,44,2026-01-22,1
230,6,49,2026-06-12,5
231,148,3,2026-07-07,3
232,133,42,2026-03-01,4
233,47,38,2026-05-09,3
234,24,31,2026-05-07,4
235,86,21,2026-04-15,4
236,42,22,2026-07-06,1
237,74,43,2026-05-01,4
238,10,30,2026-04-28,5
239,65,21,2026-02-07,3
240,132,1,2026-02-14,4
241,119,27,2026-07-03,5
242,133,24,2026-01-29,2
243,161,29,2026-06-24,4
244,69,36,2026-01-29,2
245,113,45,2026-02-18,3
246,8,41,2026-05-20,1
247,182,11,2026-06-20,2
248,4,36,2026-04-05,5
249,58,8,2026-04-30,1
250,166,10,2026-05-14,1
251,131,46,2026-05-23,3
252,124,31,2026-03-26,4
253,142,10,2026-03-19,4
254,154,33,2026-04-24,2
255,71,50,2026-02-19,1
256,130,18,2026-05-02,3
257,186,20,2026-01-16,3
258,169,32,2026-06-15,5
259,138,31,2026-02-23,4
260,142,49,2026-04-14,3
261,117,21,2026-06-04,4
262,147,25,2026-03-05,2
263,12,21,2026-03-16,4
264,99,43,2026-05-17,4
265,127,3,2026-07-01,2
266,152,22,2026-02-17,5
267,26,34,2026-02-10,4
268,185,10,2026-05-12,1
269,20,31,2026-04-30,2
270,160,45,2026-03-24,3
271,85,44,2026-04-27,1
272,82,41,2026-06-01,4
273,10,40,2026-05-20,5
274,162,44,2026-02-02,2
275,192,6,2026-03-30,2
276,195,41,2026-05-07,1
277,114,11,2026-07-15,1
278,8,3,2026-07-12,3
279,76,23,2026-04-09,1
280,38,16,2026-04-21,4
281,145,44,2026-05-31,4
282,45,6,2026-03-03,2
283,159,44,2026-06-21,4
284,150,10,2026-03-18,4
285,164,17,2026-03-16,4
286,171,1,2026-05-13,3
287,174,35,2026-05-15,3
288,114,23,2026-02-25,1
289,164,28,2026-06-15,3
290,117,20,2026-07-11,3
291,124,7,2026-03-07,4
292,147,23,2026-03-17,4
293,180,19,2026-06-12,3
294,71,1,2026-01-21,4
295,156,48,2026-06-09,1
296,199,15,2026-05-23,3
297,57,41,2026-06-20,3
298,65,44,2026-03-05,5
299,161,7,2026-07-03,2
300,80,29,2026-06-25,1
301,94,47,2026-01-24,5
302,76,21,2026-02-18,1
303,52,9,2026-05-02,2
304,136,33,2026-06-03,3
305,66,31,2026-03-26,2
306,30,30,2026-04-01,3
307,194,15,2026-02-04,2
308,143,24,2026-07-08,4
309,4,17,2026-02-08,4
310,117,24,2026-06-02,1
311,150,25,2026-07-07,3
312,28,44,2026-06-28,3
313,7,40,2026-03-16,4
314,157,15,2026-06-08,3
315,163,30,2026-06-30,1
316,167,27,2026-07-14,3
317,12,3,2026-02-14,2
318,30,7,2026-04-03,4
319,35,25,2026-03-17,5
320,172,48,2026-05-12,3
321,108,38,2026-07-13,5
322,168,7,2026-02-24,4
323,105,18,2026-05-21,5
324,56,29,2026-01-24,3
325,93,7,2026-05-09,2
326,140,42,2026-07-10,3
327,102,18,2026-04-17,1
328,117,6,2026-03-05,1
329,165,41,2026-07-04,2
330,13,22,2026-06-17,1
331,145,14,2026-03-19,2
332,54,38,2026-02-02,5
333,85,50,2026-03-12,2
334,1,18,2026-02-22,5
335,139,17,2026-02-22,2
336,170,2,2026-03-01,1
337,92,16,2026-02-18,1
338,5,12,2026-06-15,3
339,33,48,2026-03-24,1
340,30,48,2026-05-03,5
341,115,50,2026-02-01,4
342,152,7,2026-04-18,5
343,57,40,2026-05-11,5
344,78,30,2026-01-27,5
345,16,31,2026-06-29,1
346,176,7,2026-04-28,4
347,19,6,2026-05-21,4
348,38,5,2026-04-08,5
349,160,41,2026-02-17,3
350,183,21,2026-06-14,5
351,136,19,2026-04-23,5
352,155,28,2026-05-12,5
353,168,42,2026-02-10,1
354,111,29,2026-06-06,2
355,87,30,2026-03-15,4
356,187,7,2026-04-28,4
357,81,43,2026-04-06,4
358,40,44,2026-03-22,3
359,24,6,2026-05-17,1
360,25,48,2026-02-08,4
361,143,4,2026-04-21,2
362,144,22,2026-06-15,5
363,106,23,2026-07-06,1
364,185,4,2026-07-05,4
365,80,23,2026-03-30,5
366,130,14,2026-02-11,5
367,58,7,2026-02-24,4
368,95,8,2026-04-15,5
369,58,28,2026-03-28,5
370,158,44,2026-06-08,5
371,7,39,2026-06-29,5
372,8,12,2026-07-03,3
373,87,23,2026-03-26,3
374,37,37,2026-01-17,2
375,18,10,2026-07-03,4
376,24,48,2026-06-27,1
377,97,27,2026-05-31,2
378,41,24,2026-05-12,3
379,199,37,2026-04-05,3
380,14,10,2026-06-17,1
381,13,44,2026-02-25,5
382,114,43,2026-02-05,3
383,156,29,2026-05-04,4
384,56,49,2026-05-02,3
385,89,28,2026-05-27,1
386,174,44,2026-02-13,3
387,135,43,2026-06-16,4
388,57,26,2026-04-04,1
389,2,14,2026-06-18,1
390,197,9,2026-04-03,2
391,84,8,2026-03-22,3
392,192,28,2026-01-17,4
393,98,35,2026-03-01,2
394,129,36,2026-07-15,2
395,19,26,2026-07-06,3
396,5,30,2026-01-26,4
397,148,28,2026-02-04,3
398,182,41,2026-06-11,4
399,30,26,2026-05-02,3
400,44,40,2026-01-21,3
401,23,28,2026-05-13,3
402,112,38,2026-02-12,2
403,21,26,2026-04-28,5
404,57,22,2026-04-05,3
405,131,41,2026-02-28,1
406,131,13,2026-02-14,5
407,187,42,2026-04-15,3
408,27,10,2026-02-22,2
409,45,39,2026-03-22,2
410,46,50,2026-02-24,1
411,119,49,2026-06-25,4
412,115,44,2026-06-09,5
413,83,41,2026-06-09,5
414,113,5,2026-04-06,2
415,162,20,2026-05-16,4
416,15,23,2026-03-27,5
417,80,30,2026-05-25,1
418,15,24,2026-05-11,1
419,166,6,2026-03-30,1
420,130,25,2026-06-22,5
421,142,48,2026-05-14,5
422,147,42,2026-01-26,4
423,155,31,2026-03-05,3
424,16,29,2026-05-24,2
425,183,6,2026-02-11,3
426,11,16,2026-05-25,2
427,135,34,2026-05-08,4
428,94,24,2026-06-21,2
429,105,50,2026-03-29,4
430,14,41,2026-04-12,5
431,17,22,2026-06-30,3
432,174,25,2026-02-09,5
433,186,43,2026-03-29,3
434,86,6,2026-06-19,2
435,90,20,2026-06-14,2
436,34,39,2026-07-02,4
437,144,25,2026-02-06,3
438,33,43,2026-06-29,3
439,24,42,2026-07-14,5
440,131,24,2026-07-06,4
441,80,12,2026-01-20,3
442,197,32,2026-03-11,3
443,36,10,2026-03-06,2
444,26,33,2026-02-04,3
445,10,43,2026-06-03,5
446,34,39,2026-04-12,5
447,42,12,2026-04-22,2
448,43,47,2026-07-12,5
449,106,24,2026-05-08,1
450,114,40,2026-07-08,2
451,60,35,2026-03-29,4
452,121,13,2026-03-18,3
453,113,30,2026-04-20,5
454,129,34,2026-03-29,4
455,52,39,2026-05-03,2
456,14,42,2026-02-20,3
457,142,7,2026-05-19,3
458,73,6,2026-05-28,1
459,116,33,2026-02-26,3
460,24,15,2026-02-22,4
461,7,27,2026-05-11,3
462,129,24,2026-01-29,4
463,21,24,2026-03-17,4
464,82,7,2026-03-14,1
465,38,9,2026-07-01,3
466,121,45,2026-01-25,3
467,115,40,2026-02-20,4
468,5,17,2026-01-17,1
469,141,47,2026-03-12,2
470,109,8,2026-06-20,5
471,78,8,2026-03-30,2
472,108,41,2026-01-28,2
473,17,8,2026-06-24,4
474,138,2,2026-05-23,5
475,148,16,2026-06-26,5
476,110,1,2026-02-21,3
477,62,37,2026-06-22,3
478,171,43,2026-05-02,2
479,93,5,2026-02-06,5
480,130,33,2026-05-30,5
481,100,31,2026-06-06,1
482,96,17,2026-01-27,4
483,18,23,2026-01-20,3
484,198,38,2026-03-18,1
485,12,23,2026-04-11,2
486,165,12,2026-06-04,3
487,179,31,2026-07-10,4
488,35,5,2026-06-26,2
489,76,13,2026-05-13,1
490,11,21,2026-01-27,2
491,102,35,2026-04-05,5
492,10,49,2026-05-17,3
493,74,23,2026-06-30,2
494,70,8,2026-01-28,3
495,103,48,2026-04-20,4
496,87,12,2026-05-08,4
497,95,34,2026-05-23,4
498,187,28,2026-03-25,1
499,155,12,2026-02-05,4
500,83,7,2026-06-04,3
501,170,19,2026-02-05,3
502,155,46,2026-04-04,4
503,177,29,2026-05-05,2
504,11,47,2026-04-15,4
505,112,18,2026-04-16,5
506,20,43,2026-06-28,1
507,94,33,2026-06-28,4
508,8,10,2026-07-08,2
509,9,9,2026-06-20,4
510,200,42,2026-02-02,2
511,99,37,2026-04-19,3
512,40,44,2026-01-24,5
513,96,29,2026-05-11,3
514,36,34,2026-02-04,5
515,81,42,2026-04-19,4
516,30,2,2026-03-28,2
517,133,25,2026-03-04,4
518,68,50,2026-06-08,1
519,55,40,2026-03-23,4
520,52,8,2026-03-30,4
521,116,12,2026-02-19,1
522,175,21,2026-05-09,1
523,182,5,2026-07-05,3
524,75,20,2026-06-05,5
525,93,33,2026-02-25,2
526,52,9,2026-03-14,1
527,7,24,2026-03-17,4
528,95,30,2026-06-06,5
529,157,6,2026-06-06,2
530,102,46,2026-02-01,3
531,106,50,2026-05-18,5
532,19,9,2026-04-30,5
533,116,30,2026-04-07,1
534,89,9,2026-07-09,5
535,47,50,2026-06-06,5
536,129,4,2026-02-18,4
537,40,20,2026-02-16,5
538,83,46,2026-02-27,2
539,133,19,2026-03-14,3
540,51,41,2026-02-05,3
541,33,41,2026-06-06,3
542,137,6,2026-04-03,5
543,152,38,2026-05-24,2
544,169,40,2026-02-24,2
545,145,3,2026-06-19,3
546,12,42,2026-01-23,1
547,167,14,2026-06-12,3
548,159,41,2026-06-11,4
549,161,35,2026-01-23,4
550,124,16,2026-03-31,3
551,77,30,2026-07-10,4
552,41,29,2026-02-03,1
553,119,14,2026-05-02,4
554,37,21,2026-04-13,5
555,103,9,2026-04-07,3
556,144,7,2026-04-20,5
557,120,8,2026-04-07,2
558,64,10,2026-03-25,4
559,75,25,2026-02-09,1
560,64,11,2026-06-22,4
561,185,21,2026-04-09,5
562,128,33,2026-03-05,2
563,79,32,2026-05-15,4
564,101,33,2026-01-21,1
565,56,38,2026-05-13,2
566,13,19,2026-04-16,1
567,168,44,2026-05-22,5
568,138,1,2026-05-16,3
569,35,17,2026-02-12,4
570,94,3,2026-04-19,4
571,146,36,2026-04-28,1
572,142,19,2026-03-06,3
573,130,29,2026-02-03,4
574,160,44,2026-06-05,3
575,33,7,2026-06-21,1
576,87,36,2026-04-26,3
577,51,39,2026-04-19,2
578,129,3,2026-05-26,4
579,36,46,2026-01-27,1
580,133,30,2026-04-11,4
581,132,9,2026-02-23,5
582,82,11,2026-04-09,5
583,190,20,2026-04-26,5
584,130,33,2026-06-16,3
585,182,37,2026-06-01,4
586,5,24,2026-04-02,4
587,107,38,2026-04-10,1
588,153,31,2026-04-04,1
589,148,15,2026-03-24,5
590,123,11,2026-01-29,5
591,199,25,2026-05-30,5
592,9,37,2026-02-22,2
593,49,2,2026-07-14,1
594,108,10,2026-05-08,3
595,106,33,2026-05-01,2
596,189,47,2026-06-21,4
597,133,14,2026-01-31,2
598,170,31,2026-06-08,3
599,81,12,2026-05-30,4
600,88,35,2026-05-13,5
601,157,31,2026-04-16,3
602,72,36,2026-03-06,2
603,77,50,2026-04-02,2
604,177,46,2026-03-30,2
605,123,23,2026-05-21,3
606,74,8,2026-06-08,3
607,98,26,2026-06-11,5
608,75,3,2026-04-14,2
609,89,29,2026-03-30,1
610,192,31,2026-07-02,3
611,138,18,2026-03-11,2
612,36,7,2026-06-08,3
613,62,16,2026-06-22,5
614,58,41,2026-01-28,5
615,26,27,2026-03-16,1
616,26,44,2026-04-10,4
617,141,11,2026-02-20,1
618,123,42,2026-04-30,4
619,83,19,2026-03-08,3
620,197,6,2026-06-30,1
621,60,35,2026-07-01,5
622,107,12,2026-01-25,2
623,127,12,2026-01-25,4
624,3,20,2026-03-31,1
625,28,22,2026-06-10,5
626,165,35,2026-03-29,4
627,35,33,2026-05-30,4
628,50,8,2026-05-15,3
629,188,30,2026-04-10,2
630,184,12,2026-06-30,3
631,76,37,2026-01-19,3
632,45,40,2026-07-07,2
633,110,33,2026-06-28,4
634,103,43,2026-04-09,1
635,36,31,2026-02-09,2
636,2,17,2026-04-08,2
637,115,49,2026-04-24,2
638,78,38,2026-03-25,3
639,67,42,2026-06-11,1
640,16,43,2026-04-18,2
641,79,11,2026-02-15,4
642,181,50,2026-04-29,5
643,164,19,2026-04-05,1
644,57,15,2026-04-20,5
645,40,30,2026-02-19,4
646,107,45,2026-06-20,3
647,194,35,2026-06-05,4
648,196,16,2026-07-05,2
649,21,34,2026-07-09,5
650,181,24,2026-05-10,5
651,29,4,2026-02-04,5
652,52,37,2026-06-05,5
653,43,21,2026-06-02,2
654,30,44,2026-05-29,4
655,126,6,2026-03-09,5
656,15,30,2026-05-26,4
657,107,30,2026-02-18,5
658,144,30,2026-06-09,1
659,186,2,2026-07-07,3
660,1,48,2026-04-27,3
661,19,3,2026-03-12,5
662,180,5,2026-05-04,3
663,18,31,2026-06-03,1
664,105,12,2026-01-24,3
665,96,25,2026-02-19,4
666,97,6,2026-05-10,4
667,35,42,2026-07-09,5
668,46,35,2026-04-15,1
669,33,47,2026-04-26,5
670,194,2,2026-03-14,1
671,173,47,2026-04-02,4
672,137,25,2026-06-04,4
673,118,23,2026-03-15,2
674,49,47,2026-02-24,3
675,170,27,2026-02-13,1
676,62,14,2026-06-22,1
677,153,3,2026-02-02,1
678,173,46,2026-05-10,5
679,190,3,2026-01-28,2
680,60,35,2026-04-28,4
681,36,33,2026-03-12,1
682,188,37,2026-03-31,2
683,154,50,2026-04-07,5
684,61,20,2026-07-07,3
685,57,27,2026-02-21,5
686,16,36,2026-04-02,3
687,161,44,2026-06-16,2
688,127,4,2026-05-05,5
689,135,21,2026-04-14,4
690,105,10,2026-07-13,4
691,48,49,2026-04-02,4
692,62,15,2026-06-02,4
693,119,4,2026-04-02,2
694,107,36,2026-06-08,4
695,100,16,2026-05-31,2
696,85,42,2026-03-22,2
697,95,6,2026-02-05,4
698,14,18,2026-06-02,2
699,155,3,2026-04-22,5
700,195,38,2026-02-03,2
701,56,31,2026-07-06,5
702,78,1,2026-03-10,3
703,190,8,2026-03-11,2
704,179,39,2026-05-18,2
705,102,16,2026-07-15,2
706,199,19,2026-06-06,3
707,137,42,2026-04-23,4
708,67,24,2026-04-17,3
709,120,7,2026-05-27,4
710,53,24,2026-05-16,3
711,12,37,2026-04-06,4
712,5,17,2026-03-13,2
713,149,47,2026-06-06,5
714,40,13,2026-05-02,3
715,98,37,2026-04-10,2
716,141,42,2026-03-19,4
717,66,49,2026-07-10,3
718,118,11,2026-05-21,4
719,36,47,2026-04-16,2
720,48,35,2026-06-04,4
721,135,3,2026-06-29,1
722,196,1,2026-02-04,1
723,162,15,2026-05-01,2
724,3,14,2026-02-02,2
725,96,4,2026-05-25,4
726,124,43,2026-06-23,5
727,2,35,2026-05-20,1
728,4,2,2026-06-06,4
729,138,19,2026-05-31,3
730,179,44,2026-01-20,5
731,28,7,2026-05-06,2
732,62,13,2026-05-30,2
733,65,23,2026-06-23,5
734,21,24,2026-03-25,4
735,145,16,2026-04-29,4
736,77,44,2026-07-13,2
737,24,26,2026-02-05,1
738,142,31,2026-04-23,4
739,180,11,2026-01-30,1
740,112,42,2026-02-06,4
741,25,34,2026-04-10,5
742,55,45,2026-01-26,2
743,70,3,2026-06-10,4
744,140,37,2026-02-04,3
745,46,21,2026-07-03,1
746,151,10,2026-01-20,2
747,77,11,2026-04-27,1
748,146,25,2026-06-09,2
749,85,25,2026-07-08,5
750,129,48,2026-02-20,1
751,26,28,2026-04-14,1
752,88,39,2026-03-16,1
753,102,50,2026-06-22,5
754,163,18,2026-04-09,1
755,59,23,2026-05-11,4
756,111,12,2026-06-06,4
757,170,25,2026-07-09,5
758,76,16,2026-02-06,5
759,69,10,2026-02-03,1
760,190,25,2026-04-23,2
761,28,6,2026-04-07,3
762,114,24,2026-01-17,3
763,34,6,2026-03-26,1
764,115,36,2026-03-04,4
765,105,7,2026-06-07,5
766,91,36,2026-01-22,1
767,154,21,2026-02-08,5
768,75,27,2026-04-24,1
769,186,36,2026-04-25,1
770,134,11,2026-03-19,5
771,44,9,2026-07-10,4
772,69,32,2026-03-25,3
773,43,28,2026-02-22,1
774,77,31,2026-03-27,4
775,65,16,2026-02-04,3
776,153,40,2026-06-25,4
777,28,9,2026-03-07,4
778,102,22,2026-04-03,1
779,85,29,2026-06-23,4
780,167,39,2026-04-11,4
781,83,39,2026-02-19,3
782,123,21,2026-07-12,2
783,82,19,2026-03-02,4
784,148,16,2026-07-12,4
785,72,26,2026-04-09,4
786,145,13,2026-04-19,1
787,47,44,2026-06-16,5
788,187,30,2026-06-05,1
789,75,45,2026-03-10,4
790,173,32,2026-02-02,4
791,62,17,2026-02-20,3
792,184,28,2026-07-03,2
793,115,39,2026-04-22,1
794,103,35,2026-05-18,5
795,140,3,2026-05-25,4
796,153,41,2026-04-18,5
797,197,16,2026-02-06,1
798,43,42,2026-07-03,3
799,145,42,2026-06-21,1
800,193,22,2026-07-08,4
801,3,7,2026-05-06,1
802,131,48,2026-03-23,2
803,149,45,2026-05-28,5
804,115,24,2026-06-12,2
805,198,44,2026-04-26,4
806,39,23,2026-06-15,5
807,27,19,2026-01-22,4
808,30,47,2026-05-02,1
809,80,22,2026-02-21,3
810,134,31,2026-05-12,2
811,25,29,2026-04-15,4
812,82,5,2026-07-13,4
813,182,8,2026-04-02,1
814,166,7,2026-01-21,3
815,190,16,2026-07-08,2
816,142,11,2026-05-28,2
817,110,30,2026-04-10,5
818,162,12,2026-03-16,4
819,102,2,2026-03-04,4
820,116,38,2026-06-22,2
821,2,46,2026-05-05,4
822,72,49,2026-03-11,2
823,148,7,2026-07-15,1
824,94,21,2026-06-02,2
825,30,17,2026-03-07,4
826,136,41,2026-07-06,4
827,100,40,2026-04-06,5
828,30,23,2026-04-26,5
829,159,12,2026-04-16,4
830,158,38,2026-07-07,3
831,81,8,2026-02-06,2
832,30,12,2026-03-18,3
833,131,25,2026-04-21,2
834,36,37,2026-05-03,5
835,48,32,2026-04-24,4
836,178,42,2026-06-27,5
837,43,32,2026-03-01,5
838,48,21,2026-03-30,2
839,14,23,2026-05-11,5
840,35,13,2026-01-18,4
841,130,42,2026-04-24,5
842,176,32,2026-05-22,4
843,126,11,2026-05-02,4
844,8,49,2026-02-06,5
845,9,18,2026-03-13,3
846,74,11,2026-03-14,5
847,191,50,2026-05-13,5
848,131,8,2026-05-22,5
849,69,50,2026-06-11,1
850,139,49,2026-06-04,3
851,140,14,2026-01-26,4
852,189,42,2026-05-04,1
853,9,29,2026-03-20,3
854,23,29,2026-03-24,3
855,54,48,2026-02-15,2
856,182,40,2026-06-15,3
857,43,40,2026-06-26,4
858,53,4,2026-02-20,2
859,137,18,2026-06-10,3
860,44,21,2026-06-17,5
861,75,37,2026-07-15,3
862,174,7,2026-03-25,5
863,16,18,2026-02-19,4
864,180,9,2026-07-02,2
865,183,21,2026-03-20,2
866,126,10,2026-03-20,4
867,161,27,2026-06-12,3
868,20,41,2026-04-22,4
869,132,48,2026-02-08,4
870,117,32,2026-03-28,3
871,1,50,2026-04-09,5
872,163,43,2026-02-08,4
873,17,35,2026-07-13,3
874,110,14,2026-04-27,2
875,83,19,2026-05-22,3
876,148,9,2026-04-12,5
877,88,44,2026-06-09,4
878,26,41,2026-01-28,1
879,32,11,2026-05-13,1
880,1,28,2026-05-08,4
881,167,20,2026-03-08,2
882,24,42,2026-02-25,3
883,22,24,2026-04-18,3
884,14,26,2026-07-05,2
885,186,45,2026-06-25,3
886,168,6,2026-03-16,4
887,1,14,2026-07-15,1
888,34,38,2026-05-18,1
889,175,29,2026-03-14,5
890,179,22,2026-01-18,1
891,178,9,2026-02-15,4
892,59,25,2026-05-18,1
893,27,21,2026-02-07,1
894,36,25,2026-04-20,3
895,18,34,2026-02-19,2
896,157,42,2026-06-09,1
897,90,47,2026-02-27,4
898,106,40,2026-03-11,2
899,56,6,2026-07-10,4
900,193,8,2026-02-10,2
901,90,28,2026-06-15,4
902,64,18,2026-04-06,2
903,64,36,2026-06-30,1
904,185,39,2026-06-18,5
905,169,20,2026-03-29,1
906,156,33,2026-03-09,5
907,76,42,2026-03-05,4
908,127,25,2026-01-29,2
909,128,41,2026-02-13,2
910,136,1,2026-06-17,1
911,34,25,2026-04-18,3
912,94,35,2026-06-10,4
913,196,31,2026-07-09,2
914,151,5,2026-02-03,1
915,56,3,2026-01-19,3
916,130,19,2026-01-31,4
917,197,27,2026-06-25,5
918,22,41,2026-05-04,4
919,158,10,2026-06-02,5
920,80,6,2026-03-28,1
921,40,35,2026-05-26,2
922,151,41,2026-04-09,4
923,80,45,2026-07-01,1
924,15,16,2026-05-07,2
925,30,30,2026-02-07,4
926,15,20,2026-06-21,5
927,31,1,2026-07-05,2
928,42,32,2026-02-20,1
929,133,47,2026-04-14,5
930,96,9,2026-03-23,2
931,198,2,2026-03-25,1
932,70,34,2026-04-11,4
933,183,37,2026-02-01,3
934,128,30,2026-06-25,1
935,15,32,2026-05-26,3
936,95,11,2026-06-10,2
937,147,44,2026-03-22,1
938,190,33,2026-02-14,2
939,4,16,2026-01-16,1
940,94,25,2026-01-27,4
941,10,36,2026-02-23,2
942,58,21,2026-07-02,4
943,185,21,2026-03-20,4
944,147,24,2026-03-26,1
945,173,4,2026-02-15,5
946,133,3,2026-03-02,2
947,120,19,2026-04-28,1
948,23,36,2026-04-05,3
949,95,13,2026-05-12,1
950,78,48,2026-03-31,5
951,119,24,2026-06-24,2
952,198,50,2026-06-16,4
953,195,16,2026-03-07,5
954,105,2,2026-02-23,1
955,89,41,2026-03-16,5
956,86,1,2026-07-12,1
957,189,47,2026-07-03,4
958,53,34,2026-04-04,1
959,126,4,2026-03-17,4
960,24,3,2026-02-21,3
961,106,45,2026-03-16,5
962,192,6,2026-04-21,4
963,130,9,2026-06-13,1
964,20,38,2026-06-28,4
965,112,43,2026-06-10,1
966,75,17,2026-02-18,2
967,180,48,2026-04-06,4
968,116,18,2026-04-09,3
969,52,9,2026-03-16,1
970,40,7,2026-06-14,1
971,120,21,2026-02-27,4
972,138,23,2026-04-30,1
973,79,30,2026-03-10,4
974,24,11,2026-03-24,1
975,181,45,2026-07-10,3
976,56,21,2026-06-19,1
977,183,16,2026-02-22,1
978,132,4,2026-04-17,4
979,67,12,2026-07-08,3
980,116,36,2026-01-23,4
981,25,30,2026-06-05,2
982,32,1,2026-02-11,2
983,34,13,2026-01-31,2
984,176,41,2026-04-28,3
985,150,38,2026-06-30,1
986,6,5,2026-03-23,1
987,33,6,2026-03-07,4
988,11,30,2026-04-10,1
989,147,28,2026-01-28,2
990,8,25,2026-04-27,4
991,45,23,2026-07-09,4
992,71,18,2026-03-11,2
993,9,40,2026-05-10,2
994,63,42,2026-06-23,5
995,106,36,2026-04-01,4
996,23,18,2026-05-18,1
997,108,13,2026-04-24,2
998,64,41,2026-06-29,5
999,98,46,2026-06-04,1
1000,140,32,2026-04-17,4
1001,129,21,2026-04-14,5
1002,47,2,2026-04-25,3
1003,57,2,2026-04-07,5
1004,121,34,2026-03-28,1
1005,60,11,2026-04-17,5
1006,169,16,2026-02-10,2
1007,189,4,2026-03-25,5
1008,100,23,2026-03-13,5
1009,61,38,2026-03-01,2
1010,152,2,2026-04-07,3
1011,146,37,2026-07-15,3
1012,49,32,2026-02-21,5
1013,45,32,2026-06-03,3
1014,15,15,2026-01-25,1
1015,6,34,2026-06-19,2
1016,85,40,2026-05-18,1
1017,88,46,2026-03-08,2
1018,16,2,2026-03-02,3
1019,181,10,2026-02-22,5
1020,94,5,2026-02-13,5
1021,151,7,2026-04-21,4
1022,83,9,2026-04-12,3
1023,164,32,2026-02-25,4
1024,45,46,2026-07-01,3
1025,92,15,2026-06-08,5
1026,45,25,2026-07-05,5
1027,33,12,2026-04-04,3
1028,101,50,2026-01-16,5
1029,47,39,2026-06-10,1
1030,57,41,2026-04-07,5
1031,128,10,2026-06-09,1
1032,61,23,2026-04-10,1
1033,163,6,2026-04-07,2
1034,115,1,2026-07-06,3
1035,64,45,2026-03-24,2
1036,66,7,2026-02-02,3
1037,99,29,2026-01-16,1
1038,106,32,2026-05-03,2
1039,140,25,2026-04-22,3
1040,148,42,2026-02-10,4
1041,42,29,2026-07-10,2
1042,76,2,2026-02-03,1
1043,27,5,2026-04-07,3
1044,97,11,2026-04-13,2
1045,24,22,2026-02-04,5
1046,124,46,2026-06-17,5
1047,168,11,2026-01-23,4
1048,41,4,2026-06-20,4
1049,53,13,2026-02-10,3
1050,185,47,2026-04-30,5
1051,170,19,2026-06-03,3
1052,25,4,2026-04-02,2
1053,141,32,2026-04-26,5
1054,93,1,2026-02-24,1
1055,76,43,2026-05-05,1
1056,123,13,2026-06-25,5
1057,53,11,2026-02-09,1
1058,21,31,2026-06-28,3
1059,102,31,2026-02-14,3
1060,24,42,2026-05-21,3
1061,48,24,2026-06-04,4
1062,48,29,2026-04-23,3
1063,113,30,2026-01-27,3
1064,69,37,2026-03-24,2
1065,193,45,2026-01-31,2
1066,22,43,2026-07-05,1
1067,106,49,2026-04-14,5
1068,142,4,2026-06-15,2
1069,108,35,2026-04-25,5
1070,147,16,2026-07-10,4
1071,21,26,2026-05-17,3
1072,147,34,2026-01-24,5
1073,38,8,2026-06-11,5
1074,43,14,2026-05-10,2
1075,11,28,2026-03-06,2
1076,52,41,2026-02-05,4
1077,67,21,2026-02-22,5
1078,100,36,2026-02-02,1
1079,84,18,2026-04-27,5
1080,4,45,2026-05-29,4
1081,134,27,2026-06-24,5
1082,39,10,2026-02-13,4
1083,150,49,2026-06-10,5
1084,145,50,2026-02-10,1
1085,138,23,2026-02-10,3
1086,99,42,2026-05-01,3
1087,156,31,2026-05-20,5
1088,71,26,2026-01-25,2
1089,156,44,2026-02-21,5
1090,10,26,2026-07-12,4
1091,13,48,2026-04-10,2
1092,96,2,2026-05-17,3
1093,80,18,2026-04-12,3
1094,59,9,2026-05-21,1
1095,199,21,2026-04-02,4
1096,155,42,2026-03-25,4
1097,114,14,2026-02-07,2
1098,195,34,2026-04-30,4
1099,132,11,2026-04-21,1
1100,182,33,2026-02-01,3
1101,200,34,2026-04-29,2
1102,45,13,2026-06-10,1
1103,64,3,2026-03-08,1
1104,93,46,2026-05-12,1
1105,95,30,2026-03-07,3
1106,163,8,2026-05-25,4
1107,62,24,2026-07-09,1
1108,115,12,2026-05-21,5
1109,142,23,2026-05-17,5
1110,67,48,2026-04-14,2
1111,73,2,2026-07-11,1
1112,42,37,2026-04-24,1
1113,166,15,2026-03-11,2
1114,69,42,2026-07-08,2
1115,6,50,2026-04-30,5
1116,122,9,2026-07-09,1
1117,154,1,2026-06-30,2
1118,156,20,2026-03-14,3
1119,109,25,2026-06-29,3
1120,65,14,2026-04-15,4
1121,174,34,2026-05-15,3
1122,150,7,2026-06-24,4
1123,170,24,2026-01-17,5
1124,156,19,2026-06-08,5
1125,124,5,2026-04-02,1
1126,164,21,2026-04-12,3
1127,168,46,2026-03-27,3
1128,49,10,2026-07-01,3
1129,15,39,2026-05-28,2
1130,175,9,2026-04-29,3
1131,76,17,2026-01-22,4
1132,100,48,2026-05-03,4
1133,182,37,2026-01-25,5
1134,186,46,2026-03-05,3
1135,164,31,2026-03-13,5
1136,130,20,2026-07-06,3
1137,47,19,2026-02-28,5
1138,33,48,2026-02-09,4
1139,196,12,2026-03-23,5
1140,168,6,2026-07-09,3
1141,58,48,2026-03-13,3
1142,85,24,2026-04-04,4
1143,76,30,2026-03-23,5
1144,14,41,2026-02-15,4
1145,159,5,2026-06-14,5
1146,129,8,2026-05-16,2
1147,136,20,2026-07-09,4
1148,39,9,2026-05-01,1
1149,105,37,2026-03-08,3
1150,81,46,2026-05-13,2
1151,125,22,2026-03-03,1
1152,81,41,2026-06-26,2
1153,116,18,2026-01-30,1
1154,148,49,2026-03-10,2
1155,196,50,2026-02-25,4
1156,158,28,2026-02-07,2
1157,104,28,2026-06-27,4
1158,2,3,2026-05-18,4
1159,188,24,2026-06-01,2
1160,194,34,2026-01-19,3
1161,174,1,2026-03-05,1
1162,58,45,2026-06-25,2
1163,34,7,2026-04-14,3
1164,151,20,2026-04-24,5
1165,12,20,2026-02-27,1
1166,187,34,2026-03-31,4
1167,87,28,2026-06-17,5
1168,88,32,2026-07-10,2
1169,43,26,2026-04-17,2
1170,58,47,2026-01-20,2
1171,188,2,2026-02-18,2
1172,44,8,2026-06-15,5
1173,97,41,2026-04-19,1
1174,160,4,2026-03-22,5
1175,170,7,2026-06-17,1
1176,13,45,2026-07-02,1
1177,114,25,2026-02-14,4
1178,65,31,2026-02-16,5
1179,53,45,2026-07-14,2
1180,78,27,2026-07-10,1
1181,170,34,2026-07-04,1
1182,156,45,2026-03-26,5
1183,27,33,2026-02-20,4
1184,73,8,2026-06-23,1
1185,51,39,2026-02-12,4
1186,134,13,2026-03-08,3
1187,76,11,2026-04-17,4
1188,128,14,2026-01-26,5
1189,85,16,2026-07-11,4
1190,172,6,2026-01-16,1
1191,172,32,2026-02-13,5
1192,200,33,2026-02-23,1
1193,66,42,2026-02-04,1
1194,76,17,2026-03-16,4
1195,26,12,2026-05-14,1
1196,93,44,2026-01-26,3
1197,190,8,2026-04-06,4
1198,3,9,2026-02-09,1
1199,85,23,2026-07-04,2
1200,69,47,2026-05-08,5
1201,88,12,2026-02-08,3
1202,103,30,2026-02-14,4
1203,177,31,2026-03-26,4
1204,29,9,2026-05-03,2
1205,41,7,2026-07-13,1
1206,124,37,2026-05-02,5
1207,47,40,2026-07-08,4
1208,157,2,2026-04-23,3
1209,124,32,2026-07-10,2
1210,113,3,2026-02-13,4
1211,168,21,2026-02-01,3
1212,197,48,2026-01-19,5
1213,58,43,2026-06-12,5
1214,134,45,2026-04-12,5
1215,25,28,2026-07-14,5
1216,124,23,2026-07-04,2
1217,39,36,2026-07-04,4
1218,3,42,2026-06-21,1
1219,121,32,2026-02-25,5
1220,193,32,2026-02-27,1
1221,85,18,2026-04-08,2
1222,58,36,2026-01-28,5
1223,104,16,2026-06-29,4
1224,114,37,2026-02-05,4
1225,128,29,2026-05-10,1
1226,128,48,2026-04-06,1
1227,27,26,2026-07-02,1
1228,143,36,2026-05-01,1
1229,155,40,2026-01-16,1
1230,131,36,2026-06-28,3
1231,88,24,2026-03-09,4
1232,117,22,2026-01-29,2
1233,154,31,2026-06-08,5
1234,184,29,2026-07-03,3
1235,195,43,2026-02-14,1
1236,88,23,2026-03-13,1
1237,141,34,2026-06-27,3
1238,12,11,2026-04-21,1
1239,184,48,2026-05-22,2
1240,66,40,2026-04-30,1
1241,31,26,2026-03-07,2
1242,49,46,2026-03-12,4
1243,194,27,2026-04-12,1
1244,32,50,2026-01-27,5
1245,169,38,2026-05-11,4
1246,128,1,2026-05-25,2
1247,142,28,2026-05-31,1
1248,131,50,2026-06-14,4
1249,45,47,2026-03-02,5
1250,100,43,2026-02-17,1
1251,83,33,2026-06-18,5
1252,156,45,2026-04-24,4
1253,102,22,2026-03-20,3
1254,35,9,2026-04-01,4
1255,180,48,2026-05-01,5
1256,180,36,2026-05-27,3
1257,162,14,2026-04-06,5
1258,160,46,2026-03-08,2
1259,173,9,2026-03-31,3
1260,129,35,2026-07-01,2
1261,182,8,2026-07-12,3
1262,123,38,2026-04-16,5
1263,173,48,2026-06-11,4
1264,109,1,2026-06-01,3
1265,7,25,2026-05-29,1
1266,172,4,2026-02-22,1
1267,193,11,2026-03-08,3
1268,38,4,2026-03-30,3
1269,53,49,2026-07-11,3
1270,92,29,2026-06-03,1
1271,173,48,2026-02-11,5
1272,191,42,2026-06-08,2
1273,61,33,2026-06-08,4
1274,178,43,2026-07-13,3
1275,100,27,2026-01-28,4
1276,142,4,2026-07-10,3
1277,52,40,2026-01-19,3
1278,163,46,2026-05-09,2
1279,194,38,2026-06-30,3
1280,51,50,2026-06-04,5
1281,115,12,2026-03-06,3
1282,48,12,2026-07-09,1
1283,97,3,2026-05-27,1
1284,143,17,2026-05-05,3
1285,150,17,2026-02-18,2
1286,120,46,2026-01-17,3
1287,40,21,2026-02-24,1
1288,199,41,2026-06-17,1
1289,126,37,2026-06-22,3
1290,19,46,2026-06-05,3
1291,57,12,2026-04-07,5
1292,130,11,2026-05-29,1
1293,138,26,2026-05-02,5
1294,57,14,2026-02-08,3
1295,85,24,2026-07-04,3
1296,193,40,2026-04-01,2
1297,144,49,2026-05-31,4
1298,30,43,2026-07-01,1
1299,62,42,2026-04-14,4
1300,63,3,2026-06-22,5
1301,98,8,2026-07-09,3
1302,139,47,2026-04-24,3
1303,133,50,2026-03-29,1
1304,131,29,2026-04-21,5
1305,76,42,2026-05-20,1
1306,132,6,2026-03-06,3
1307,198,35,2026-02-09,2
1308,161,5,2026-06-01,1
1309,176,28,2026-03-10,2
1310,138,45,2026-02-11,2
1311,192,44,2026-05-07,1
1312,118,46,2026-02-24,1
1313,23,5,2026-04-10,1
1314,65,36,2026-01-29,2
1315,59,17,2026-02-03,5
1316,116,41,2026-04-30,4
1317,81,2,2026-04-29,4
1318,137,1,2026-04-25,1
1319,17,49,2026-06-29,5
1320,180,5,2026-06-14,1
1321,28,19,2026-04-17,5
1322,156,6,2026-07-10,3
1323,98,26,2026-03-29,4
1324,122,11,2026-07-04,1
1325,35,48,2026-06-01,2
1326,76,41,2026-04-26,5
1327,174,47,2026-02-21,3
1328,3,36,2026-06-30,3
1329,32,3,2026-06-07,2
1330,153,26,2026-01-17,5
1331,22,20,2026-06-02,5
1332,55,27,2026-03-10,3
1333,37,11,2026-06-30,5
1334,158,17,2026-03-04,2
1335,47,43,2026-03-06,1
1336,193,36,2026-06-10,1
1337,19,19,2026-05-14,5
1338,65,7,2026-07-06,1
1339,125,22,2026-03-07,5
1340,172,42,2026-04-17,2
1341,73,40,2026-03-17,1
1342,82,32,2026-02-02,2
1343,158,43,2026-05-11,3
1344,40,37,2026-04-04,5
1345,81,28,2026-06-10,3
1346,81,16,2026-02-28,1
1347,71,24,2026-03-13,4
1348,123,30,2026-02-19,3
1349,199,20,2026-05-10,3
1350,28,12,2026-05-20,5
1351,21,18,2026-06-30,5
1352,51,17,2026-02-20,5
1353,187,5,2026-06-25,1
1354,162,2,2026-01-20,5
1355,104,50,2026-06-13,5
1356,10,36,2026-06-16,2
1357,139,31,2026-03-23,5
1358,94,26,2026-07-02,2
1359,188,19,2026-03-14,5
1360,129,33,2026-02-19,4
1361,94,33,2026-02-08,4
1362,158,44,2026-01-18,2
1363,36,29,2026-02-27,5
1364,145,37,2026-02-25,2
1365,189,47,2026-07-03,2
1366,11,15,2026-05-19,3
1367,17,17,2026-05-20,2
1368,11,43,2026-04-20,2
1369,93,25,2026-03-09,5
1370,12,3,2026-05-16,4
1371,27,46,2026-07-01,3
1372,190,17,2026-05-29,3
1373,146,12,2026-06-13,5
1374,94,38,2026-04-22,4
1375,133,17,2026-07-02,1
1376,133,26,2026-04-22,2
1377,125,31,2026-04-16,3
1378,129,9,2026-06-19,1
1379,59,5,2026-05-08,2
1380,55,10,2026-05-27,3
1381,93,39,2026-03-04,2
1382,107,22,2026-02-15,2
1383,173,31,2026-02-14,4
1384,152,11,2026-05-18,2
1385,6,16,2026-06-30,4
1386,147,38,2026-01-27,2
1387,162,33,2026-02-26,2
1388,38,4,2026-01-26,5
1389,47,34,2026-02-27,3
1390,145,41,2026-04-29,5
1391,22,14,2026-01-20,3
1392,121,31,2026-05-10,5
1393,106,39,2026-02-28,2
1394,197,12,2026-02-21,5
1395,68,11,2026-06-24,5
1396,117,39,2026-07-10,3
1397,59,25,2026-06-16,1
1398,28,2,2026-04-24,2
1399,130,44,2026-03-08,5
1400,156,7,2026-05-03,2
1401,158,39,2026-03-02,4
1402,129,49,2026-01-25,5
1403,124,43,2026-02-15,1
1404,139,1,2026-02-18,5
1405,134,27,2026-07-08,4
1406,179,34,2026-04-20,1
1407,124,50,2026-05-05,2
1408,151,48,2026-04-23,3
1409,26,28,2026-07-13,5
1410,123,50,2026-02-19,3
1411,73,39,2026-03-16,1
1412,66,13,2026-06-04,4
1413,148,34,2026-01-17,1
1414,2,25,2026-02-15,5
1415,177,21,2026-07-02,2
1416,28,10,2026-04-30,3
1417,65,17,2026-05-05,5
1418,145,24,2026-06-02,4
1419,175,26,2026-06-21,3
1420,142,36,2026-03-09,4
1421,95,36,2026-05-19,2
1422,65,20,2026-06-07,4
1423,199,46,2026-06-12,3
1424,169,8,2026-04-27,2
1425,180,11,2026-03-15,4
1426,131,26,2026-02-10,2
1427,158,45,2026-04-12,5
1428,42,25,2026-07-10,1
1429,24,10,2026-06-27,1
1430,112,6,2026-05-16,5
1431,57,24,2026-02-01,3
1432,10,47,2026-02-05,5
1433,158,42,2026-04-24,4
1434,183,39,2026-05-29,3
1435,164,32,2026-01-30,2
1436,52,43,2026-05-08,1
1437,50,3,2026-05-28,3
1438,133,45,2026-06-18,5
1439,44,44,2026-03-16,5
1440,62,42,2026-01-25,3
1441,23,18,2026-01-16,2
1442,172,26,2026-04-28,3
1443,52,34,2026-04-29,5
1444,24,36,2026-01-19,1
1445,150,23,2026-03-29,5
1446,58,39,2026-04-14,3
1447,104,37,2026-03-06,4
1448,45,27,2026-01-17,3
1449,144,5,2026-05-25,1
1450,88,8,2026-05-24,3
1451,138,37,2026-05-27,3
1452,97,37,2026-03-21,4
1453,194,22,2026-05-19,2
1454,151,2,2026-05-13,4
1455,67,5,2026-05-19,1
1456,174,45,2026-04-23,2
1457,106,23,2026-03-15,3
1458,3,45,2026-05-28,5
1459,74,6,2026-03-24,2
1460,20,36,2026-04-28,3
1461,81,23,2026-03-02,4
1462,69,12,2026-03-12,5
1463,128,48,2026-07-09,2
1464,189,16,2026-03-08,2
1465,59,13,2026-03-24,2
1466,92,10,2026-03-20,5
1467,21,44,2026-02-12,1
1468,158,1,2026-07-04,4
1469,124,24,2026-06-03,1
1470,127,37,2026-06-23,3
1471,47,49,2026-03-27,4
1472,102,15,2026-05-26,3
1473,14,34,2026-06-12,2
1474,139,3,2026-05-04,4
1475,101,44,2026-05-24,3
1476,31,45,2026-03-01,4
1477,81,45,2026-05-28,4
1478,173,14,2026-01-18,1
1479,26,21,2026-04-23,5
1480,67,12,2026-04-18,5
1481,61,18,2026-06-05,3
1482,88,24,2026-05-16,5
1483,109,14,2026-03-04,4
1484,94,26,2026-05-03,3
1485,47,37,2026-03-28,4
1486,176,15,2026-02-18,5
1487,61,36,2026-02-10,3
1488,51,10,2026-05-06,4
1489,3,12,2026-02-23,4
1490,35,41,2026-05-03,4
1491,185,21,2026-05-28,5
1492,65,36,2026-05-20,3
1493,102,7,2026-06-10,1
1494,16,14,2026-07-11,2
1495,162,7,2026-03-22,4
1496,67,24,2026-05-11,3
1497,143,17,2026-04-18,5
1498,106,8,2026-04-14,1
1499,51,37,2026-04-15,5
1500,45,50,2026-06-12,5
1501,84,44,2026-03-29,3
1502,199,48,2026-05-26,4
1503,98,40,2026-05-10,1
1504,162,10,2026-03-30,4
1505,108,41,2026-02-27,3
1506,104,5,2026-06-21,5
1507,88,15,2026-02-05,2
1508,168,19,2026-04-06,3
1509,166,26,2026-03-25,5
1510,200,24,2026-03-26,4
1511,116,27,2026-06-15,5
1512,6,9,2026-02-27,2
1513,191,45,2026-03-17,3
1514,43,26,2026-02-05,2
1515,17,31,2026-02-11,1
1516,7,50,2026-06-05,1
1517,196,6,2026-04-27,5
1518,159,10,2026-02-11,3
1519,80,15,2026-02-06,4
1520,114,41,2026-03-20,3
1521,135,11,2026-02-17,2
1522,170,23,2026-01-23,1
1523,120,35,2026-04-09,4
1524,114,9,2026-03-26,5
1525,46,38,2026-07-13,5
1526,162,48,2026-06-17,4
1527,112,34,2026-06-27,5
1528,80,23,2026-06-28,5
1529,59,6,2026-05-19,5
1530,94,27,2026-05-09,3
1531,78,1,2026-03-23,2
1532,195,9,2026-01-16,5
1533,121,35,2026-04-14,3
1534,194,31,2026-01-18,4
1535,197,28,2026-04-02,1
1536,60,1,2026-03-31,5
1537,49,27,2026-06-05,3
1538,102,16,2026-06-08,4
1539,97,15,2026-02-26,4
1540,109,41,2026-03-24,1
1541,196,40,2026-03-18,5
1542,73,42,2026-07-12,3
1543,106,13,2026-06-01,3
1544,35,19,2026-02-02,2
1545,159,29,2026-02-13,4
1546,126,13,2026-03-26,5
1547,39,4,2026-04-08,1
1548,48,7,2026-06-01,1
1549,33,46,2026-03-29,3
1550,60,6,2026-05-08,1
1551,127,14,2026-02-23,1
1552,80,32,2026-04-13,4
1553,179,3,2026-04-21,4
1554,193,10,2026-04-10,1
1555,199,26,2026-01-30,3
1556,121,12,2026-02-03,5
1557,98,1,2026-03-06,3
1558,99,50,2026-02-16,2
1559,189,3,2026-05-09,2
1560,189,50,2026-03-07,4
1561,171,14,2026-02-09,5
1562,175,20,2026-05-17,4
1563,162,47,2026-04-08,2
1564,134,8,2026-01-26,5
1565,164,20,2026-03-21,4
1566,14,43,2026-03-07,3
1567,61,41,2026-03-12,1
1568,4,11,2026-05-07,3
1569,31,26,2026-03-27,5
1570,11,38,2026-03-19,1
1571,177,39,2026-07-11,4
1572,198,6,2026-02-24,3
1573,128,6,2026-03-20,2
1574,87,49,2026-07-10,5
1575,16,23,2026-06-25,1
1576,180,35,2026-06-30,2
1577,125,15,2026-02-12,2
1578,166,49,2026-04-07,5
1579,188,13,2026-04-14,4
1580,92,47,2026-01-21,4
1581,11,32,2026-02-19,3
1582,144,19,2026-07-15,4
1583,49,37,2026-06-03,4
1584,90,21,2026-03-04,5
1585,154,36,2026-05-15,3
1586,136,10,2026-02-26,1
1587,68,35,2026-05-11,3
1588,1,50,2026-04-19,4
1589,98,47,2026-06-28,5
1590,159,24,2026-03-04,1
1591,83,47,2026-06-23,2
1592,100,13,2026-02-01,5
1593,197,36,2026-05-30,4
1594,73,21,2026-02-24,5
1595,29,7,2026-04-30,3
1596,12,9,2026-05-29,1
1597,52,7,2026-03-02,1
1598,26,3,2026-05-20,2
1599,169,32,2026-06-11,4
1600,180,38,2026-05-30,5
1601,94,15,2026-03-22,1
1602,4,14,2026-06-20,1
1603,21,30,2026-07-02,4
1604,93,36,2026-06-28,1
1605,182,4,2026-05-02,3
1606,136,3,2026-06-22,3
1607,20,14,2026-02-03,3
1608,26,47,2026-05-28,1
1609,99,13,2026-03-16,5
1610,169,16,2026-03-06,5
1611,143,48,2026-06-10,2
1612,192,7,2026-06-07,4
1613,92,44,2026-06-28,5
1614,27,11,2026-05-13,4
1615,103,33,2026-03-03,5
1616,137,39,2026-04-12,2
1617,81,36,2026-05-09,3
1618,106,49,2026-04-09,3
1619,186,21,2026-06-27,4
1620,145,35,2026-06-20,2
1621,197,36,2026-03-11,4
1622,116,29,2026-03-22,3
1623,186,3,2026-04-27,1
1624,5,34,2026-03-29,5
1625,2,20,2026-02-19,3
1626,81,2,2026-03-13,2
1627,142,33,2026-07-11,3
1628,147,10,2026-06-07,5
1629,118,23,2026-02-09,1
1630,68,24,2026-02-24,2
1631,60,17,2026-06-14,2
1632,147,26,2026-04-02,1
1633,188,5,2026-06-10,2
1634,45,32,2026-04-09,4
1635,25,39,2026-07-11,5
1636,10,47,2026-06-29,3
1637,21,50,2026-06-12,4
1638,90,28,2026-01-30,3
1639,198,15,2026-05-02,1
1640,3,41,2026-07-02,5
1641,14,20,2026-06-26,4
1642,82,35,2026-05-30,1
1643,84,33,2026-06-09,2
1644,40,4,2026-07-13,2
1645,115,49,2026-07-07,4
1646,130,6,2026-06-17,5
1647,75,26,2026-03-13,4
1648,87,6,2026-02-22,2
1649,191,4,2026-05-17,5
1650,68,6,2026-06-05,4
1651,112,50,2026-04-28,5
1652,196,9,2026-07-13,2
1653,51,32,2026-05-19,5
1654,51,36,2026-04-27,5
1655,64,16,2026-06-22,5
1656,199,28,2026-02-03,3
1657,23,8,2026-04-08,5
1658,109,24,2026-07-06,4
1659,83,23,2026-04-15,2
1660,198,20,2026-06-17,1
1661,158,29,2026-02-28,3
1662,113,3,2026-06-24,2
1663,176,24,2026-03-16,2
1664,29,48,2026-02-24,1
1665,159,10,2026-01-29,2
1666,88,45,2026-03-30,1
1667,116,31,2026-02-13,3
1668,54,48,2026-01-21,3
1669,53,35,2026-06-02,2
1670,141,31,2026-05-29,3
1671,178,45,2026-06-24,2
1672,97,38,2026-07-06,1
1673,12,17,2026-07-04,5
1674,73,13,2026-02-28,1
1675,70,4,2026-07-13,5
1676,18,25,2026-05-15,1
1677,170,43,2026-07-04,3
1678,5,19,2026-04-18,1
1679,60,25,2026-07-01,4
1680,81,32,2026-05-26,1
1681,23,12,2026-06-17,5
1682,118,36,2026-03-07,5
1683,64,34,2026-01-21,1
1684,126,26,2026-04-04,3
1685,89,44,2026-02-25,1
1686,161,20,2026-04-16,3
1687,71,4,2026-03-17,5
1688,100,2,2026-06-25,3
1689,58,10,2026-06-07,3
1690,169,9,2026-04-13,4
1691,134,44,2026-02-07,4
1692,107,16,2026-06-21,2
1693,110,20,2026-06-11,2
1694,115,35,2026-06-19,3
1695,168,9,2026-02-18,2
1696,176,13,2026-06-13,5
1697,177,46,2026-02-20,3
1698,111,50,2026-05-30,2
1699,41,21,2026-02-22,5
1700,137,47,2026-02-02,5
1701,82,10,2026-02-15,2
1702,106,27,2026-01-23,3
1703,191,41,2026-04-03,4
1704,200,13,2026-03-27,2
1705,48,2,2026-02-12,2
1706,69,39,2026-06-21,5
1707,60,39,2026-06-10,5
1708,176,2,2026-03-16,2
1709,177,50,2026-04-17,1
1710,129,39,2026-05-18,2
1711,48,25,2026-05-16,3
1712,36,11,2026-05-21,4
1713,9,27,2026-03-06,2
1714,106,15,2026-01-19,3
1715,194,14,2026-07-06,2
1716,113,40,2026-02-01,2
1717,118,16,2026-05-21,3
1718,199,3,2026-05-05,4
1719,185,21,2026-06-20,4
1720,191,37,2026-04-26,5
1721,135,42,2026-06-17,5
1722,134,7,2026-07-15,1
1723,11,16,2026-05-11,4
1724,102,48,2026-05-28,5
1725,100,34,2026-01-26,5
1726,49,19,2026-06-26,1
1727,78,50,2026-05-08,4
1728,43,28,2026-03-30,4
1729,14,45,2026-04-01,5
1730,119,42,2026-05-28,2
1731,185,33,2026-05-11,1
1732,200,38,2026-02-13,2
1733,35,26,2026-07-13,5
1734,116,2,2026-05-01,3
1735,152,46,2026-03-02,4
1736,24,17,2026-03-08,4
1737,184,47,2026-04-08,2
1738,30,46,2026-02-16,1
1739,22,34,2026-05-11,3
1740,157,11,2026-04-24,5
1741,98,3,2026-04-22,5
1742,145,43,2026-02-28,3
1743,38,12,2026-02-23,2
1744,79,20,2026-01-29,4
1745,161,12,2026-05-10,3
1746,52,1,2026-02-15,2
1747,4,30,2026-06-24,3
1748,140,1,2026-05-23,4
1749,61,14,2026-06-20,4
1750,117,27,2026-06-15,4
1751,154,39,2026-05-09,1
1752,141,18,2026-01-17,2
1753,54,4,2026-06-23,5
1754,15,42,2026-03-04,2
1755,38,3,2026-04-15,1
1756,155,20,2026-07-05,5
1757,13,7,2026-04-10,1
1758,42,44,2026-05-02,2
1759,170,45,2026-03-29,5
1760,147,36,2026-07-14,5
1761,192,38,2026-03-02,4
1762,24,50,2026-04-18,1
1763,95,25,2026-04-02,3
1764,141,5,2026-02-02,4
1765,35,8,2026-03-31,4
1766,85,34,2026-07-12,3
1767,54,45,2026-05-01,5
1768,15,7,2026-03-10,5
1769,23,31,2026-06-11,5
1770,181,19,2026-07-11,5
1771,82,17,2026-05-05,5
1772,160,23,2026-05-30,5
1773,145,32,2026-02-18,5
1774,127,12,2026-05-29,4
1775,182,19,2026-06-21,2
1776,31,2,2026-03-06,1
1777,189,14,2026-05-15,1
1778,106,3,2026-06-22,4
1779,144,41,2026-04-11,3
1780,164,13,2026-03-11,1
1781,66,5,2026-07-11,3
1782,130,36,2026-04-04,3
1783,30,44,2026-04-08,1
1784,102,47,2026-04-11,3
1785,8,12,2026-06-10,5
1786,87,44,2026-03-06,3
1787,10,42,2026-05-18,4
1788,40,41,2026-02-19,4
1789,86,30,2026-05-13,5
1790,134,20,2026-05-01,1
1791,143,35,2026-06-09,3
1792,148,44,2026-01-20,2
1793,17,10,2026-04-10,3
1794,87,25,2026-03-28,1
1795,43,37,2026-06-25,5
1796,48,39,2026-06-20,4
1797,181,21,2026-02-14,3
1798,106,6,2026-01-24,3
1799,96,29,2026-05-23,2
1800,135,20,2026-04-03,2
1801,96,3,2026-03-01,1
1802,114,33,2026-03-08,1
1803,129,10,2026-01-22,4
1804,124,47,2026-03-05,3
1805,199,21,2026-05-30,3
1806,133,44,2026-02-21,1
1807,186,3,2026-02-18,2
1808,183,34,2026-05-13,4
1809,80,3,2026-02-14,1
1810,23,22,2026-07-10,5
1811,27,34,2026-05-15,1
1812,6,37,2026-07-03,3
1813,83,13,2026-04-05,2
1814,71,35,2026-03-06,3
1815,172,8,2026-04-07,4
1816,41,18,2026-03-26,2
1817,160,36,2026-02-14,1
1818,53,35,2026-05-27,1
1819,82,18,2026-04-15,5
1820,147,16,2026-02-21,3
1821,80,40,2026-02-28,1
1822,114,4,2026-04-12,5
1823,121,44,2026-02-18,1
1824,99,4,2026-01-28,1
1825,101,12,2026-02-07,4
1826,152,41,2026-07-15,5
1827,158,23,2026-07-11,4
1828,51,46,2026-04-05,3
1829,21,49,2026-07-06,5
1830,34,6,2026-05-15,5
1831,25,30,2026-07-13,4
1832,121,15,2026-04-05,4
1833,158,17,2026-03-14,2
1834,47,45,2026-04-19,4
1835,84,30,2026-07-05,3
1836,17,31,2026-05-20,1
1837,123,30,2026-02-13,3
1838,197,23,2026-02-28,3
1839,33,33,2026-06-19,5
1840,183,7,2026-02-11,4
1841,167,5,2026-04-09,5
1842,119,26,2026-04-03,5
1843,62,40,2026-06-16,4
1844,41,31,2026-03-19,5
1845,88,14,2026-04-24,1
1846,111,28,2026-07-12,5
1847,140,45,2026-06-10,3
1848,170,43,2026-03-17,2
1849,125,8,2026-02-04,5
1850,119,21,2026-06-16,5
1851,114,12,2026-06-07,1
1852,18,39,2026-04-04,4
1853,198,25,2026-02-12,5
1854,166,43,2026-04-09,4
1855,56,9,2026-01-31,1
1856,194,10,2026-06-13,1
1857,116,35,2026-07-04,2
1858,158,37,2026-03-31,4
1859,53,44,2026-05-10,2
1860,146,44,2026-04-07,3
1861,184,23,2026-04-03,4
1862,3,40,2026-02-07,5
1863,33,19,2026-05-26,4
1864,141,4,2026-01-31,3
1865,92,8,2026-01-16,5
1866,61,28,2026-03-29,1
1867,101,41,2026-07-14,5
1868,104,25,2026-04-07,4
1869,55,43,2026-05-07,5
1870,36,13,2026-03-01,4
1871,93,27,2026-06-07,4
1872,172,9,2026-02-24,3
1873,19,42,2026-02-19,1
1874,185,32,2026-01-20,2
1875,35,6,2026-07-03,4
1876,117,45,2026-02-20,4
1877,160,12,2026-06-19,4
1878,109,36,2026-05-12,5
1879,91,15,2026-05-11,4
1880,155,1,2026-03-04,4
1881,188,16,2026-06-12,4
1882,106,35,2026-05-24,3
1883,9,3,2026-06-12,3
1884,181,24,2026-06-10,4
1885,124,45,2026-02-13,5
1886,187,47,2026-02-05,2
1887,120,34,2026-05-30,3
1888,157,6,2026-02-05,5
1889,162,48,2026-03-19,4
1890,176,41,2026-07-04,1
1891,80,40,2026-06-03,5
1892,137,50,2026-01-29,3
1893,117,33,2026-01-18,4
1894,188,22,2026-05-16,5
1895,76,19,2026-05-03,3
1896,178,39,2026-02-27,1
1897,67,4,2026-04-03,5
1898,149,11,2026-06-26,4
1899,169,19,2026-06-11,1
1900,74,32,2026-06-24,1
1901,130,5,2026-02-06,2
1902,34,40,2026-03-28,3
1903,66,1,2026-03-28,3
1904,45,38,2026-02-13,5
1905,95,12,2026-02-23,4
1906,125,12,2026-03-23,2
1907,88,6,2026-05-31,1
1908,40,32,2026-02-22,5
1909,61,43,2026-05-01,4
1910,54,37,2026-05-08,2
1911,165,17,2026-04-14,1
1912,43,30,2026-02-14,1
1913,78,31,2026-04-28,4
1914,98,44,2026-06-01,2
1915,122,17,2026-07-15,4
1916,112,1,2026-02-22,5
1917,98,44,2026-03-30,4
1918,175,3,2026-04-06,5
1919,164,23,2026-02-09,5
1920,167,18,2026-05-06,5
1921,69,7,2026-04-11,3
1922,101,30,2026-03-22,5
1923,188,44,2026-07-07,2
1924,134,22,2026-06-15,2
1925,81,36,2026-07-08,2
1926,18,1,2026-01-18,1
1927,135,7,2026-05-01,1
1928,90,15,2026-07-10,4
1929,50,3,2026-03-29,3
1930,24,4,2026-01-22,5
1931,154,41,2026-06-17,2
1932,23,39,2026-02-16,1
1933,169,49,2026-02-18,4
1934,48,8,2026-06-30,5
1935,65,19,2026-07-13,2
1936,164,30,2026-05-15,1
1937,178,43,2026-03-27,4
1938,42,50,2026-04-08,3
1939,199,4,2026-02-03,3
1940,86,4,2026-04-23,4
1941,46,29,2026-03-23,3
1942,52,40,2026-02-02,4
1943,166,32,2026-04-26,2
1944,139,50,2026-02-12,2
1945,158,42,2026-05-06,2
1946,184,17,2026-02-12,4
1947,19,5,2026-02-11,1
1948,199,29,2026-06-11,3
1949,39,42,2026-01-20,4
1950,10,43,2026-06-28,1
1951,39,45,2026-04-25,3
1952,148,1,2026-04-10,4
1953,123,28,2026-05-27,4
1954,139,15,2026-04-29,1
1955,177,50,2026-01-16,4
1956,146,35,2026-05-19,1
1957,175,20,2026-04-17,3
1958,162,42,2026-04-28,1
1959,137,22,2026-02-08,3
1960,195,50,2026-02-05,4
1961,46,36,2026-03-31,2
1962,170,13,2026-01-26,4
1963,28,41,2026-04-02,4
1964,125,6,2026-07-11,3
1965,189,13,2026-06-26,4
1966,50,2,2026-02-20,1
1967,126,25,2026-06-16,2
1968,165,20,2026-02-01,5
1969,116,2,2026-05-23,5
1970,15,22,2026-01-25,3
1971,31,14,2026-01-26,4
1972,118,44,2026-07-02,5
1973,190,38,2026-06-02,2
1974,10,48,2026-03-16,1
1975,168,2,2026-02-21,4
1976,12,16,2026-05-16,5
1977,4,12,2026-07-14,2
1978,79,7,2026-06-26,1
1979,44,38,2026-05-12,5
1980,30,32,2026-02-01,1
1981,57,5,2026-06-17,5
1982,87,48,2026-03-08,4
1983,84,8,2026-07-08,4
1984,140,9,2026-07-10,5
1985,196,3,2026-04-08,2
1986,86,5,2026-06-16,2
1987,37,49,2026-02-15,3
1988,179,24,2026-05-02,2
1989,113,16,2026-06-06,2
1990,35,7,2026-06-13,1
1991,97,50,2026-06-26,5
1992,125,6,2026-02-25,1
1993,46,6,2026-01-17,1
1994,73,27,2026-07-15,5
1995,178,9,2026-07-12,4
1996,164,18,2026-03-09,2
1997,106,16,2026-05-29,4
1998,178,3,2026-03-01,5
1999,184,32,2026-06-17,2
2000,161,20,2026-06-21,1
2001,2,36,2026-04-15,4
2002,31,34,2026-03-17,2
2003,93,49,2026-02-09,5
2004,57,30,2026-06-03,5
2005,71,4,2026-06-25,2
2006,39,44,2026-03-06,1
2007,46,11,2026-05-17,4
2008,14,42,2026-07-06,1
2009,54,28,2026-04-19,3
2010,158,49,2026-03-21,3
2011,27,48,2026-05-12,1
2012,46,11,2026-01-29,5
2013,132,8,2026-01-23,4
2014,185,29,2026-02-03,2
2015,84,27,2026-06-16,5
2016,59,50,2026-03-07,3
2017,59,7,2026-02-13,3
2018,52,25,2026-03-17,4
2019,121,38,2026-03-13,1
2020,112,10,2026-05-20,1
2021,117,12,2026-03-12,5
2022,35,30,2026-04-25,3
2023,70,13,2026-03-06,3
2024,9,45,2026-04-11,2
2025,72,9,2026-06-10,1
2026,118,27,2026-02-13,4
2027,57,19,2026-02-28,3
2028,164,40,2026-06-19,2
2029,142,15,2026-02-28,5
2030,134,32,2026-02-07,4
2031,122,30,2026-03-12,5
2032,187,28,2026-03-28,1
2033,84,28,2026-03-20,2
2034,152,10,2026-06-13,2
2035,107,3,2026-06-11,1
2036,188,50,2026-01-26,4
2037,109,34,2026-05-25,1
2038,179,7,2026-04-26,4
2039,62,6,2026-05-11,4
2040,178,47,2026-06-07,1
2041,34,23,2026-04-30,2
2042,166,6,2026-04-01,2
2043,172,20,2026-01-20,4
2044,147,48,2026-02-26,4
2045,117,30,2026-06-14,1
2046,48,24,2026-02-20,4
2047,181,41,2026-06-25,4
2048,99,45,2026-01-16,1
2049,9,19,2026-04-11,5
2050,179,40,2026-05-05,3
2051,54,44,2026-06-03,5
2052,86,48,2026-02-05,5
2053,173,24,2026-01-30,5
2054,99,24,2026-01-29,1
2055,11,24,2026-05-15,5
2056,166,36,2026-04-19,2
2057,144,46,2026-07-15,1
2058,86,16,2026-03-09,2
2059,167,31,2026-06-03,1
2060,193,48,2026-06-13,2
2061,91,18,2026-03-14,3
2062,71,4,2026-05-24,4
2063,89,29,2026-02-01,3
2064,135,8,2026-05-20,5
2065,174,35,2026-05-16,5
2066,159,24,2026-03-31,4
2067,49,30,2026-07-07,1
2068,101,12,2026-02-07,1
2069,28,11,2026-03-30,1
2070,179,10,2026-03-27,1
2071,53,34,2026-05-23,2
2072,76,27,2026-06-25,1
2073,34,31,2026-07-09,5
2074,114,48,2026-04-14,4
2075,75,13,2026-06-30,1
2076,60,34,2026-02-01,1
2077,106,38,2026-06-30,3
2078,125,38,2026-04-13,3
2079,141,29,2026-07-05,5
2080,146,9,2026-05-13,3
2081,67,15,2026-04-04,2
2082,74,50,2026-05-19,3
2083,91,19,2026-01-28,2
2084,159,11,2026-05-12,2
2085,47,12,2026-06-02,3
2086,42,16,2026-07-12,2
2087,82,37,2026-02-14,1
2088,67,24,2026-02-17,4
2089,144,46,2026-03-04,2
2090,89,10,2026-01-24,3
2091,139,11,2026-04-21,4
2092,32,2,2026-06-01,3
2093,197,10,2026-04-29,4
2094,40,1,2026-05-13,3
2095,85,42,2026-06-04,5
2096,122,19,2026-07-15,3
2097,145,47,2026-06-11,2
2098,177,8,2026-05-09,3
2099,36,44,2026-05-18,1
2100,79,2,2026-06-06,1
2101,57,29,2026-04-28,5
2102,84,4,2026-04-17,1
2103,150,34,2026-06-20,2
2104,51,2,2026-03-13,3
2105,115,44,2026-02-06,5
2106,132,26,2026-07-06,1
2107,82,39,2026-03-06,4
2108,15,43,2026-06-19,5
2109,38,46,2026-04-18,4
2110,99,24,2026-05-05,3
2111,89,23,2026-01-19,3
2112,144,6,2026-04-04,4
2113,190,27,2026-03-12,4
2114,42,47,2026-05-09,3
2115,36,38,2026-05-04,4
2116,37,14,2026-06-18,1
2117,135,22,2026-04-03,4
2118,194,25,2026-02-01,5
2119,105,41,2026-02-07,1
2120,45,36,2026-03-26,4
2121,194,9,2026-05-14,5
2122,98,19,2026-03-08,2
2123,11,20,2026-06-06,4
2124,127,36,2026-06-14,3
2125,7,1,2026-05-14,2
2126,77,41,2026-02-24,3
2127,32,42,2026-06-27,4
2128,107,12,2026-07-05,3
2129,8,8,2026-05-21,2
2130,18,39,2026-03-27,4
2131,124,37,2026-04-18,5
2132,161,44,2026-05-07,3
2133,96,33,2026-05-17,1
2134,67,11,2026-06-12,1
2135,38,21,2026-06-13,1
2136,92,11,2026-05-14,2
2137,93,27,2026-01-29,3
2138,13,19,2026-06-27,3
2139,164,5,2026-03-31,5
2140,197,41,2026-05-27,2
2141,154,49,2026-03-03,1
2142,83,21,2026-02-27,5
2143,70,44,2026-07-10,3
2144,25,35,2026-07-13,3
2145,37,1,2026-06-13,3
2146,73,24,2026-02-20,5
2147,88,11,2026-05-20,4
2148,40,33,2026-02-11,2
2149,144,40,2026-03-13,2
2150,137,46,2026-07-11,5
2151,107,30,2026-06-06,1
2152,34,2,2026-02-04,1
2153,80,45,2026-05-18,3
2154,114,39,2026-04-18,2
2155,45,46,2026-05-29,3
2156,191,8,2026-04-03,1
2157,178,10,2026-03-13,2
2158,79,9,2026-07-11,2
2159,21,28,2026-03-10,2
2160,20,2,2026-07-11,1
2161,11,13,2026-05-19,4
2162,169,33,2026-02-12,1
2163,121,8,2026-06-16,1
2164,17,20,2026-03-21,1
2165,194,7,2026-07-05,1
2166,53,38,2026-02-16,5
2167,172,23,2026-03-08,2
2168,38,48,2026-01-23,1
2169,90,23,2026-03-28,5
2170,200,47,2026-02-26,5
2171,130,37,2026-06-21,2
2172,149,49,2026-02-02,1
2173,56,46,2026-01-19,5
2174,44,49,2026-03-06,3
2175,186,7,2026-06-02,1
2176,182,31,2026-03-11,5
2177,48,29,2026-04-19,5
2178,47,23,2026-07-07,1
2179,55,33,2026-04-23,4
2180,29,49,2026-03-15,4
2181,120,8,2026-04-06,1
2182,127,49,2026-05-29,2
2183,143,47,2026-04-18,3
2184,84,32,2026-01-26,1
2185,73,30,2026-02-14,4
2186,176,29,2026-06-18,3
2187,105,19,2026-03-14,5
2188,18,31,2026-05-05,2
2189,46,1,2026-07-08,3
2190,173,7,2026-07-07,4
2191,134,43,2026-04-27,4
2192,31,10,2026-07-08,1
2193,178,38,2026-04-27,4
2194,17,24,2026-02-11,2
2195,52,39,2026-03-07,3
2196,60,28,2026-04-29,1
2197,196,46,2026-05-23,3
2198,70,49,2026-06-13,5
2199,92,31,2026-06-29,4
2200,104,32,2026-07-05,5
2201,38,50,2026-05-26,3
2202,32,17,2026-05-12,1
2203,60,41,2026-05-21,4
2204,26,48,2026-02-19,1
2205,128,44,2026-01-29,1
2206,98,39,2026-01-22,2
2207,40,20,2026-07-08,3
2208,25,49,2026-06-24,5
2209,197,32,2026-02-04,5
2210,76,43,2026-05-15,2
2211,130,17,2026-05-23,4
2212,139,35,2026-06-03,3
2213,111,8,2026-01-20,1
2214,81,25,2026-04-24,4
2215,10,3,2026-05-09,4
2216,169,50,2026-03-02,5
2217,126,28,2026-04-03,2
2218,184,25,2026-02-19,3
2219,146,44,2026-05-20,1
2220,176,35,2026-05-21,5
2221,122,36,2026-06-11,4
2222,15,26,2026-02-25,5
2223,152,25,2026-03-24,4
2224,197,19,2026-06-22,3
2225,8,38,2026-04-08,1
2226,94,23,2026-01-27,2
2227,196,41,2026-06-14,1
2228,25,28,2026-04-13,4
2229,106,23,2026-04-14,3
2230,64,16,2026-01-30,2
2231,152,6,2026-06-30,3
2232,79,8,2026-07-11,1
2233,6,35,2026-04-12,2
2234,118,43,2026-04-09,1
2235,132,27,2026-05-04,5
2236,179,31,2026-03-25,1
2237,82,25,2026-06-15,1
2238,83,37,2026-06-11,4
2239,26,45,2026-02-10,4
2240,87,32,2026-07-07,2
2241,43,40,2026-05-24,3
2242,112,13,2026-04-02,3
2243,138,14,2026-05-23,1
2244,13,20,2026-03-30,3
2245,58,40,2026-06-11,4
2246,25,38,2026-02-08,5
2247,18,37,2026-04-12,3
2248,110,14,2026-05-31,4
2249,167,20,2026-04-14,1
2250,111,43,2026-05-25,3
2251,52,27,2026-06-03,3
2252,160,33,2026-04-28,3
2253,47,2,2026-05-12,5
2254,48,37,2026-06-25,5
2255,170,48,2026-05-23,2
2256,164,35,2026-05-15,3
2257,145,47,2026-06-22,4
2258,134,13,2026-06-25,1
2259,38,16,2026-04-19,4
2260,112,27,2026-02-23,3
2261,163,14,2026-04-07,1
2262,74,42,2026-05-01,3
2263,176,39,2026-02-26,3
2264,62,8,2026-03-17,4
2265,8,16,2026-02-23,2
2266,125,36,2026-04-05,4
2267,166,3,2026-05-07,4
2268,70,9,2026-03-08,2
2269,72,43,2026-01-23,3
2270,165,3,2026-06-05,2
2271,15,6,2026-05-20,1
2272,77,5,2026-04-06,5
2273,172,43,2026-04-30,3
2274,186,9,2026-02-08,4
2275,147,48,2026-03-17,1
2276,134,43,2026-05-24,1
2277,65,32,2026-06-13,5
2278,154,8,2026-02-08,2
2279,150,48,2026-04-06,3
2280,109,14,2026-04-25,2
2281,45,14,2026-02-21,1
2282,105,17,2026-03-27,4
2283,126,35,2026-06-15,1
2284,82,35,2026-04-21,1
2285,175,16,2026-05-04,4
2286,93,31,2026-03-28,2
2287,6,42,2026-04-20,3
2288,190,43,2026-06-20,1
2289,65,36,2026-01-29,2
2290,164,45,2026-04-24,3
2291,137,16,2026-04-18,1
2292,3,26,2026-05-09,4
2293,24,49,2026-03-22,3
2294,54,11,2026-03-17,3
2295,197,42,2026-05-08,3
2296,71,6,2026-04-30,1
2297,189,27,2026-05-21,4
2298,26,11,2026-04-11,4
2299,130,5,2026-07-13,3
2300,155,47,2026-04-16,4
2301,117,45,2026-06-05,3
2302,165,42,2026-01-23,1
2303,165,9,2026-03-04,4
2304,52,41,2026-01-16,4
2305,148,6,2026-04-04,3
2306,64,34,2026-02-13,2
2307,153,44,2026-07-01,2
2308,116,31,2026-05-01,3
2309,45,44,2026-02-19,3
2310,73,13,2026-06-16,3
2311,95,12,2026-02-06,4
2312,147,15,2026-04-26,4
2313,143,42,2026-01-21,1
2314,23,30,2026-06-21,2
2315,180,11,2026-03-07,3
2316,159,28,2026-01-28,4
2317,39,6,2026-06-18,3
2318,146,8,2026-04-20,2
2319,112,50,2026-01-19,5
2320,31,15,2026-05-12,4
2321,69,19,2026-03-09,2
2322,34,28,2026-05-22,4
2323,56,19,2026-03-09,5
2324,108,12,2026-07-08,2
2325,8,19,2026-04-30,2
2326,159,29,2026-03-24,2
2327,150,44,2026-03-20,3
2328,22,1,2026-06-30,4
2329,83,45,2026-05-16,2
2330,183,25,2026-04-27,2
2331,66,5,2026-05-04,5
2332,16,4,2026-02-09,5
2333,121,23,2026-04-11,2
2334,182,48,2026-06-20,5
2335,65,33,2026-01-27,1
2336,78,26,2026-06-23,4
2337,34,36,2026-07-06,3
2338,46,17,2026-01-26,5
2339,127,22,2026-02-28,5
2340,23,21,2026-05-15,2
2341,37,17,2026-05-31,4
2342,12,9,2026-02-14,3
2343,192,24,2026-05-23,3
2344,68,40,2026-05-06,3
2345,81,28,2026-03-24,5
2346,189,32,2026-02-27,3
2347,169,41,2026-02-23,5
2348,49,10,2026-05-08,1
2349,47,3,2026-01-29,2
2350,42,46,2026-05-16,3
2351,30,32,2026-05-15,4
2352,92,46,2026-01-26,4
2353,118,32,2026-06-08,4
2354,32,23,2026-02-13,2
2355,73,12,2026-02-08,2
2356,70,37,2026-02-28,5
2357,55,38,2026-07-04,5
2358,197,37,2026-01-17,5
2359,20,16,2026-03-03,4
2360,85,2,2026-05-23,1
2361,101,24,2026-03-29,1
2362,83,10,2026-06-16,1
2363,118,46,2026-01-23,1
2364,117,41,2026-07-03,4
2365,169,1,2026-03-25,5
2366,168,40,2026-04-10,1
2367,188,47,2026-05-11,3
2368,55,4,2026-06-10,2
2369,83,4,2026-06-29,3
2370,155,25,2026-02-03,5
2371,66,12,2026-02-08,4
2372,23,2,2026-03-18,4
2373,100,50,2026-03-10,2
2374,166,49,2026-04-29,3
2375,31,20,2026-07-02,2
2376,189,20,2026-05-21,4
2377,34,23,2026-07-10,5
2378,95,33,2026-07-05,1
2379,115,25,2026-03-08,4
2380,145,39,2026-05-17,3
2381,194,28,2026-05-04,1
2382,48,28,2026-04-20,5
2383,24,3,2026-06-26,4
2384,119,44,2026-05-27,3
2385,127,34,2026-03-14,2
2386,22,19,2026-06-26,5
2387,21,31,2026-05-15,4
2388,33,44,2026-04-02,2
2389,134,28,2026-04-02,2
2390,13,36,2026-04-01,5
2391,132,7,2026-02-04,1
2392,106,7,2026-05-26,4
2393,65,23,2026-05-14,5
2394,21,50,2026-03-22,5
2395,30,48,2026-05-24,1
2396,46,12,2026-07-04,4
2397,22,27,2026-04-26,1
2398,81,38,2026-07-15,3
2399,160,17,2026-05-12,4
2400,55,12,2026-04-13,2
2401,67,44,2026-02-05,5
2402,137,2,2026-02-12,4
2403,30,1,2026-01-17,4
2404,118,45,2026-02-28,4
2405,186,32,2026-04-29,5
2406,158,24,2026-04-03,5
2407,78,6,2026-07-11,4
2408,4,13,2026-02-17,2
2409,179,13,2026-02-13,1
2410,124,42,2026-01-22,2
2411,112,41,2026-02-22,2
2412,23,20,2026-06-02,2
2413,122,28,2026-05-14,2
2414,43,10,2026-01-21,1
2415,125,31,2026-07-14,4
2416,150,16,2026-01-21,4
2417,146,26,2026-03-08,3
2418,3,7,2026-01-29,3
2419,107,32,2026-06-26,4
2420,188,36,2026-06-13,5
2421,125,26,2026-03-31,1
2422,152,47,2026-05-20,5
2423,60,46,2026-06-21,4
2424,5,28,2026-01-31,5
2425,142,5,2026-06-12,3
2426,122,8,2026-03-25,4
2427,166,23,2026-05-22,5
2428,6,11,2026-05-10,4
2429,121,23,2026-03-30,2
2430,130,15,2026-05-08,2
2431,155,46,2026-06-15,3
2432,34,19,2026-07-03,4
2433,173,42,2026-04-25,4
2434,42,40,2026-04-18,4
2435,177,48,2026-03-10,3
2436,34,12,2026-02-07,4
2437,156,32,2026-03-08,2
2438,127,20,2026-02-10,4
2439,143,4,2026-03-17,2
2440,67,23,2026-01-20,3
2441,45,33,2026-07-08,2
2442,87,28,2026-01-24,1
2443,59,8,2026-02-14,5
2444,125,17,2026-06-08,2
2445,197,3,2026-04-13,3
2446,39,45,2026-06-07,3
2447,172,7,2026-05-27,5
2448,113,30,2026-07-15,1
2449,157,40,2026-02-13,1
2450,11,33,2026-02-11,5
2451,162,8,2026-02-11,2
2452,41,47,2026-03-09,3
2453,196,33,2026-03-31,4
2454,40,42,2026-05-23,1
2455,36,8,2026-04-19,3
2456,107,50,2026-03-08,4
2457,122,22,2026-01-17,2
2458,44,6,2026-03-30,5
2459,184,49,2026-03-25,3
2460,162,43,2026-05-02,3
2461,193,49,2026-03-19,2
2462,59,9,2026-05-31,4
2463,105,30,2026-05-05,4
2464,8,29,2026-05-28,3
2465,184,34,2026-02-22,1
2466,87,21,2026-02-02,1
2467,112,4,2026-04-28,2
2468,170,42,2026-04-26,1
2469,15,41,2026-02-23,5
2470,76,27,2026-07-04,5
2471,78,47,2026-04-28,5
2472,3,18,2026-04-06,3
2473,38,45,2026-05-31,5
2474,165,14,2026-04-29,4
2475,159,42,2026-06-04,5
2476,167,26,2026-05-09,3
2477,22,3,2026-03-07,3
2478,100,47,2026-06-02,3
2479,139,19,2026-02-17,5
2480,131,36,2026-03-11,1
2481,88,49,2026-04-05,5
2482,6,2,2026-06-27,2
2483,67,16,2026-06-03,5
2484,130,8,2026-04-03,4
2485,67,41,2026-01-31,3
2486,32,4,2026-05-25,3
2487,115,20,2026-07-01,1
2488,117,22,2026-06-11,1
2489,145,46,2026-03-17,5
2490,153,15,2026-06-25,5
2491,73,43,2026-04-15,3
2492,183,25,2026-06-11,2
2493,27,21,2026-05-29,2
2494,50,50,2026-05-28,5
2495,26,10,2026-04-18,4
2496,21,6,2026-05-04,4
2497,34,31,2026-01-31,4
2498,20,24,2026-03-11,4
2499,104,38,2026-07-08,5
2500,200,26,2026-06-08,5
2501,128,41,2026-03-24,5
2502,177,32,2026-05-04,4
2503,37,33,2026-05-02,2
2504,183,30,2026-02-17,4
2505,136,8,2026-02-18,5
2506,117,31,2026-07-12,2
2507,144,24,2026-01-24,2
2508,105,8,2026-02-15,5
2509,147,19,2026-02-15,3
2510,40,8,2026-01-26,5
2511,96,20,2026-04-21,3
2512,8,10,2026-04-01,4
2513,108,4,2026-02-21,5
2514,56,12,2026-04-04,3
2515,32,36,2026-05-21,1
2516,12,27,2026-04-15,1
2517,80,37,2026-05-19,5
2518,97,31,2026-05-11,3
2519,196,9,2026-06-20,2
2520,195,29,2026-05-25,4
2521,39,47,2026-07-05,4
2522,160,43,2026-04-09,1
2523,100,15,2026-06-24,4
2524,139,3,2026-04-27,3
2525,189,18,2026-07-06,4
2526,43,46,2026-06-30,1
2527,162,50,2026-01-22,5
2528,166,8,2026-04-05,5
2529,22,13,2026-06-29,5
2530,148,49,2026-06-23,5
2531,134,13,2026-01-29,5
2532,5,8,2026-05-17,5
2533,47,2,2026-07-03,5
2534,63,46,2026-03-27,2
2535,22,35,2026-06-13,4
2536,103,38,2026-06-20,3
2537,6,22,2026-01-27,4
2538,107,2,2026-05-07,2
2539,98,17,2026-05-31,3
2540,26,35,2026-02-08,1
2541,37,12,2026-02-28,3
2542,40,20,2026-03-22,1
2543,16,40,2026-04-30,2
2544,7,46,2026-04-09,2
2545,100,7,2026-01-30,3
2546,106,21,2026-04-07,2
2547,31,4,2026-03-23,4
2548,193,39,2026-03-08,2
2549,127,33,2026-06-15,2
2550,30,18,2026-05-25,4
2551,119,36,2026-01-31,3
2552,124,2,2026-04-30,1
2553,5,18,2026-04-30,2
2554,173,7,2026-06-06,5
2555,167,9,2026-03-20,5
2556,105,29,2026-04-03,5
2557,53,10,2026-02-06,5
2558,44,16,2026-04-21,5
2559,143,29,2026-06-02,4
2560,119,40,2026-01-26,1
2561,1,4,2026-03-31,2
2562,154,17,2026-05-19,3
2563,90,41,2026-07-09,4
2564,131,19,2026-03-11,5
2565,190,35,2026-01-27,2
2566,77,6,2026-06-09,1
2567,36,47,2026-04-27,1
2568,111,14,2026-06-07,3
2569,82,44,2026-06-21,5
2570,193,46,2026-04-13,3
2571,63,43,2026-05-11,3
2572,54,30,2026-04-08,3
2573,5,45,2026-06-18,3
2574,156,31,2026-02-19,1
2575,173,12,2026-01-17,1
2576,179,46,2026-05-01,5
2577,138,6,2026-05-21,4
2578,138,2,2026-07-01,1
2579,173,8,2026-07-06,4
2580,154,23,2026-04-16,4
2581,197,45,2026-04-25,2
2582,119,24,2026-01-18,1
2583,3,15,2026-03-06,4
2584,175,46,2026-01-21,3
2585,24,40,2026-04-17,2
2586,184,15,2026-06-25,3
2587,93,3,2026-03-16,4
2588,181,46,2026-03-28,4
2589,2,13,2026-06-20,2
2590,29,18,2026-06-28,4
2591,127,11,2026-06-10,5
2592,169,48,2026-06-06,2
2593,145,12,2026-06-09,5
2594,33,48,2026-02-01,5
2595,67,37,2026-02-01,2
2596,187,18,2026-03-15,5
2597,178,44,2026-03-06,1
2598,65,44,2026-06-01,5
2599,1,28,2026-06-08,4
2600,83,28,2026-06-29,1
2601,32,44,2026-04-30,3
2602,127,24,2026-05-28,4
2603,185,15,2026-05-28,1
2604,108,35,2026-01-28,3
2605,2,26,2026-05-10,3
2606,21,37,2026-03-06,3
2607,177,28,2026-01-22,2
2608,51,11,2026-02-04,2
2609,17,41,2026-04-10,3
2610,8,31,2026-06-25,1
2611,152,41,2026-05-06,1
2612,64,7,2026-04-11,3
2613,88,4,2026-05-17,2
2614,61,5,2026-04-11,5
2615,113,49,2026-06-18,5
2616,149,8,2026-02-09,4
2617,9,25,2026-02-06,1
2618,33,4,2026-04-06,1
2619,78,40,2026-05-09,1
2620,17,7,2026-06-25,4
2621,144,4,2026-07-08,1
2622,103,7,2026-04-01,4
2623,60,39,2026-06-23,4
2624,3,30,2026-07-03,5
2625,110,40,2026-04-24,4
2626,87,42,2026-06-23,1
2627,117,34,2026-07-07,1
2628,50,7,2026-04-10,5
2629,153,46,2026-02-11,1
2630,50,37,2026-02-02,5
2631,66,23,2026-02-17,5
2632,186,40,2026-05-03,4
2633,63,9,2026-05-09,2
2634,33,20,2026-01-27,1
2635,132,42,2026-06-14,4
2636,150,35,2026-04-17,3
2637,121,20,2026-02-22,2
2638,75,24,2026-06-19,3
2639,151,43,2026-01-18,5
2640,15,16,2026-07-08,2
2641,14,28,2026-05-25,5
2642,52,41,2026-04-14,2
2643,88,13,2026-03-08,1
2644,178,45,2026-07-05,4
2645,178,22,2026-05-15,5
2646,86,40,2026-06-13,5
2647,85,11,2026-04-02,4
2648,11,32,2026-02-11,4
2649,164,15,2026-03-13,1
2650,120,40,2026-07-12,2
2651,124,48,2026-03-11,2
2652,53,26,2026-04-10,4
2653,93,1,2026-03-04,1
2654,8,36,2026-02-03,3
2655,75,29,2026-02-14,2
2656,196,24,2026-03-06,5
2657,51,13,2026-01-27,1
2658,57,17,2026-03-29,2
2659,142,16,2026-03-01,3
2660,6,12,2026-03-02,2
2661,6,44,2026-03-24,1
2662,168,8,2026-02-20,4
2663,79,30,2026-04-12,2
2664,96,43,2026-03-18,3
2665,160,28,2026-02-28,5
2666,37,9,2026-02-01,1
2667,137,25,2026-03-05,2
2668,82,39,2026-07-12,3
2669,12,49,2026-05-05,2
2670,49,35,2026-06-22,5
2671,84,16,2026-04-01,2
2672,33,33,2026-01-29,3
2673,54,47,2026-06-14,4
2674,170,40,2026-02-05,4
2675,131,25,2026-02-01,2
2676,96,32,2026-06-30,5
2677,46,21,2026-05-28,4
2678,178,31,2026-04-21,5
2679,69,38,2026-05-22,4
2680,167,3,2026-04-28,5
2681,52,29,2026-03-10,2
2682,56,20,2026-03-17,4
2683,147,11,2026-05-04,4
2684,141,6,2026-04-21,3
2685,76,29,2026-02-19,1
2686,59,38,2026-05-28,3
2687,132,40,2026-01-26,4
2688,116,30,2026-04-12,4
2689,95,32,2026-05-06,4
2690,98,2,2026-04-07,3
2691,60,17,2026-03-02,4
2692,92,6,2026-06-30,1
2693,132,35,2026-04-01,5
2694,71,15,2026-06-29,1
2695,19,24,2026-02-10,1
2696,52,22,2026-01-25,5
2697,65,20,2026-03-07,3
2698,49,46,2026-07-09,3
2699,193,46,2026-06-19,2
2700,3,50,2026-06-04,3
2701,89,26,2026-04-02,3
2702,194,42,2026-04-29,5
2703,168,33,2026-01-19,4
2704,59,15,2026-02-23,4
2705,60,34,2026-03-10,4
2706,194,30,2026-06-15,5
2707,22,21,2026-05-14,3
2708,198,45,2026-03-05,4
2709,113,29,2026-05-02,2
2710,96,9,2026-06-07,1
2711,79,48,2026-06-12,2
2712,169,23,2026-01-18,4
2713,108,28,2026-04-12,2
2714,196,50,2026-07-10,4
2715,77,21,2026-07-11,5
2716,146,3,2026-06-15,1
2717,85,37,2026-02-20,2
2718,156,37,2026-06-26,5
2719,53,26,2026-04-26,4
2720,99,13,2026-02-01,5
2721,85,37,2026-05-17,1
2722,24,11,2026-05-11,3
2723,46,3,2026-02-11,5
2724,126,2,2026-07-11,5
2725,18,25,2026-03-04,2
2726,60,19,2026-03-29,2
2727,18,30,2026-07-03,5
2728,133,1,2026-01-30,3
2729,106,26,2026-02-28,3
2730,34,35,2026-02-25,1
2731,191,5,2026-05-03,4
2732,34,14,2026-04-25,2
2733,182,43,2026-04-05,4
2734,155,37,2026-05-17,2
2735,52,33,2026-04-05,5
2736,71,13,2026-07-10,4
2737,115,5,2026-01-17,2
2738,64,34,2026-04-28,5
2739,126,30,2026-04-10,5
2740,11,48,2026-05-14,5
2741,166,30,2026-02-08,3
2742,101,40,2026-04-14,3
2743,64,12,2026-03-01,4
2744,118,25,2026-06-23,4
2745,179,37,2026-07-03,2
2746,179,3,2026-02-09,4
2747,71,41,2026-03-18,2
2748,171,5,2026-06-02,3
2749,127,27,2026-07-13,2
2750,95,5,2026-06-06,1
2751,197,50,2026-02-11,5
2752,116,11,2026-04-09,4
2753,130,3,2026-03-21,2
2754,19,41,2026-05-14,1
2755,98,22,2026-07-12,4
2756,102,3,2026-04-28,2
2757,30,46,2026-01-18,3
2758,172,48,2026-02-19,3
2759,119,5,2026-05-14,4
2760,169,16,2026-02-06,5
2761,121,18,2026-05-08,2
2762,5,39,2026-02-26,2
2763,76,8,2026-02-10,2
2764,44,5,2026-06-01,4
2765,174,18,2026-07-06,1
2766,92,12,2026-02-24,4
2767,173,35,2026-03-12,1
2768,179,4,2026-03-12,4
2769,165,43,2026-06-27,5
2770,100,45,2026-07-03,1
2771,14,39,2026-04-04,4
2772,198,25,2026-01-17,1
2773,96,16,2026-03-08,2
2774,5,27,2026-03-08,1
2775,87,13,2026-01-23,1
2776,57,7,2026-07-09,1
2777,186,11,2026-07-05,2
2778,132,7,2026-01-27,4
2779,144,41,2026-04-09,3
2780,54,35,2026-03-05,5
2781,31,15,2026-04-27,4
2782,92,21,2026-03-11,1
2783,103,42,2026-03-01,1
2784,100,14,2026-04-06,1
2785,17,43,2026-05-13,2
2786,95,3,2026-03-28,5
2787,106,20,2026-02-02,2
2788,27,46,2026-06-18,4
2789,44,17,2026-06-02,5
2790,84,41,2026-02-09,5
2791,174,50,2026-07-13,4
2792,86,12,2026-07-12,2
2793,171,31,2026-06-27,3
2794,5,39,2026-02-02,3
2795,98,33,2026-06-14,4
2796,129,38,2026-06-28,2
2797,60,2,2026-07-15,1
2798,80,16,2026-06-22,1
2799,159,6,2026-05-05,2
2800,96,32,2026-01-31,2
2801,39,25,2026-04-01,2
2802,61,47,2026-03-09,1
2803,190,22,2026-06-18,4
2804,82,42,2026-02-19,3
2805,107,42,2026-01-26,5
2806,59,47,2026-03-30,1
2807,63,14,2026-04-10,3
2808,171,16,2026-06-03,1
2809,156,25,2026-07-10,2
2810,47,29,2026-05-29,3
2811,17,32,2026-06-26,1
2812,14,41,2026-02-02,2
2813,33,6,2026-02-21,2
2814,141,14,2026-03-01,5
2815,21,28,2026-03-17,5
2816,43,47,2026-05-15,3
2817,109,12,2026-03-07,2
2818,78,19,2026-06-20,2
2819,163,13,2026-06-12,4
2820,21,24,2026-03-26,4
2821,43,31,2026-04-27,4
2822,130,40,2026-05-08,4
2823,124,2,2026-05-06,2
2824,22,49,2026-04-23,4
2825,138,10,2026-04-02,5
2826,66,25,2026-06-06,2
2827,117,19,2026-05-14,3
2828,156,31,2026-04-22,5
2829,35,46,2026-02-03,3
2830,40,13,2026-05-16,2
2831,129,47,2026-01-17,1
2832,104,27,2026-04-21,4
2833,99,32,2026-04-27,3
2834,19,27,2026-04-04,5
2835,99,37,2026-01-25,1
2836,196,28,2026-02-26,2
2837,131,46,2026-03-22,3
2838,179,4,2026-05-21,3
2839,109,48,2026-07-01,4
2840,123,3,2026-03-20,2
2841,179,43,2026-04-18,1
2842,67,39,2026-06-30,2
2843,66,16,2026-05-12,2
2844,170,11,2026-06-19,5
2845,198,6,2026-01-19,1
2846,102,46,2026-06-29,4
2847,133,13,2026-06-15,1
2848,110,17,2026-05-04,2
2849,129,35,2026-07-12,3
2850,151,20,2026-07-03,4
2851,28,41,2026-05-01,1
2852,37,18,2026-06-11,3
2853,179,20,2026-03-10,4
2854,126,1,2026-01-17,2
2855,199,45,2026-02-09,1
2856,107,42,2026-05-02,5
2857,44,12,2026-03-30,4
2858,181,9,2026-04-21,2
2859,47,33,2026-03-07,4
2860,146,14,2026-02-13,4
2861,16,48,2026-03-04,2
2862,67,27,2026-03-03,2
2863,28,41,2026-05-08,5
2864,76,6,2026-02-27,1
2865,71,5,2026-04-22,1
2866,150,16,2026-04-13,1
2867,173,49,2026-05-18,4
2868,16,18,2026-02-10,1
2869,11,7,2026-01-17,5
2870,2,25,2026-03-11,5
2871,195,18,2026-06-19,5
2872,194,22,2026-05-20,4
2873,87,24,2026-06-19,4
2874,81,16,2026-07-09,3
2875,97,40,2026-04-18,4
2876,85,7,2026-01-30,3
2877,179,26,2026-01-16,4
2878,155,8,2026-02-20,1
2879,180,49,2026-05-31,3
2880,116,40,2026-03-20,3
2881,132,27,2026-07-10,4
2882,1,41,2026-07-04,2
2883,163,24,2026-04-08,1
2884,174,29,2026-01-27,3
2885,125,26,2026-03-16,5
2886,90,28,2026-06-21,1
2887,188,25,2026-05-17,1
2888,50,46,2026-04-01,5
2889,147,46,2026-02-21,5
2890,33,32,2026-05-25,1
2891,173,36,2026-02-07,3
2892,115,8,2026-05-15,2
2893,62,16,2026-05-19,5
2894,193,43,2026-03-11,2
2895,28,28,2026-07-14,1
2896,84,25,2026-01-23,2
2897,185,17,2026-03-28,2
2898,172,8,2026-07-05,4
2899,137,41,2026-07-05,2
2900,178,22,2026-05-21,1
2901,197,39,2026-03-14,5
2902,97,46,2026-02-01,3
2903,112,15,2026-04-23,5
2904,30,19,2026-03-14,3
2905,23,22,2026-02-07,1
2906,191,8,2026-06-16,2
2907,33,21,2026-06-11,3
2908,189,1,2026-04-23,5
2909,152,35,2026-04-05,1
2910,109,21,2026-03-05,4
2911,134,43,2026-04-19,2
2912,57,7,2026-06-19,5
2913,138,30,2026-04-27,1
2914,76,15,2026-04-06,2
2915,38,39,2026-05-23,4
2916,192,43,2026-03-29,2
2917,154,21,2026-07-14,1
2918,177,8,2026-04-05,5
2919,123,41,2026-03-27,5
2920,75,46,2026-03-12,4
2921,86,10,2026-04-22,1
2922,180,48,2026-03-10,2
2923,125,47,2026-01-29,2
2924,169,11,2026-04-26,3
2925,101,22,2026-01-21,5
2926,90,49,2026-05-04,4
2927,19,34,2026-04-26,4
2928,179,13,2026-03-29,3
2929,101,7,2026-07-14,5
2930,193,38,2026-02-18,3
2931,118,42,2026-01-29,3
2932,36,29,2026-02-26,5
2933,75,10,2026-07-13,4
2934,192,13,2026-03-10,2
2935,93,47,2026-07-01,1
2936,174,10,2026-06-12,1
2937,174,11,2026-04-22,4
2938,92,31,2026-01-30,1
2939,31,33,2026-03-02,1
2940,152,28,2026-07-01,3
2941,63,3,2026-02-23,4
2942,102,32,2026-02-15,2
2943,45,42,2026-04-03,5
2944,200,30,2026-04-22,1
2945,71,41,2026-07-01,4
2946,95,1,2026-07-02,4
2947,22,8,2026-02-15,1
2948,58,2,2026-05-21,5
2949,147,31,2026-06-15,5
2950,152,12,2026-03-27,1
2951,166,45,2026-04-24,4
2952,147,9,2026-05-07,3
2953,17,46,2026-02-10,3
2954,104,45,2026-06-02,2
2955,143,35,2026-01-21,4
2956,17,34,2026-05-31,4
2957,183,42,2026-06-14,5
2958,169,8,2026-02-16,2
2959,178,12,2026-03-03,5
2960,115,21,2026-01-17,5
2961,33,37,2026-02-16,1
2962,23,36,2026-03-09,2
2963,22,8,2026-03-22,1
2964,94,35,2026-05-25,3
2965,169,1,2026-02-28,4
2966,12,34,2026-03-20,3
2967,114,9,2026-04-01,5
2968,178,21,2026-06-12,4
2969,156,35,2026-05-29,3
2970,177,7,2026-05-26,2
2971,61,3,2026-07-04,1
2972,77,14,2026-03-05,2
2973,142,14,2026-02-19,5
2974,72,9,2026-06-16,3
2975,20,36,2026-06-24,4
2976,98,42,2026-03-22,3
2977,117,6,2026-02-26,4
2978,178,10,2026-03-22,4
2979,19,41,2026-06-02,2
2980,183,24,2026-03-25,2
2981,155,11,2026-06-09,5
2982,81,28,2026-05-03,2
2983,155,16,2026-04-23,1
2984,32,35,2026-02-04,3
2985,105,5,2026-02-13,5
2986,93,22,2026-04-10,1
2987,58,18,2026-03-26,2
2988,97,15,2026-01-18,1
2989,32,12,2026-04-22,1
2990,151,32,2026-05-30,3
2991,90,45,2026-02-09,5
2992,142,18,2026-06-11,3
2993,13,11,2026-06-20,1
2994,47,23,2026-04-07,4
2995,142,39,2026-07-08,5
2996,152,9,2026-04-29,4
2997,176,33,2026-03-23,1
2998,37,25,2026-02-24,2
2999,14,47,2026-06-10,3
3000,182,50,2026-06-28,3
